bbox_num,x,y
0,389,519
0,383,520
0,384,520
0,385,520
0,386,520
0,387,520
0,388,520
0,389,520
0,390,520
0,391,520
0,392,520
0,393,520
0,394,520
0,395,520
0,380,521
0,381,521
0,382,521
0,383,521
0,384,521
0,385,521
0,386,521
0,387,521
0,388,521
0,389,521
0,390,521
0,391,521
0,392,521
0,393,521
0,394,521
0,395,521
0,396,521
0,397,521
0,398,521
0,378,522
0,379,522
0,380,522
0,381,522
0,382,522
0,383,522
0,384,522
0,385,522
0,386,522
0,387,522
0,388,522
0,389,522
0,390,522
0,391,522
0,392,522
0,393,522
0,394,522
0,395,522
0,396,522
0,397,522
0,398,522
0,399,522
0,400,522
0,377,523
0,378,523
0,379,523
0,380,523
0,381,523
0,382,523
0,383,523
0,384,523
0,385,523
0,386,523
0,387,523
0,388,523
0,389,523
0,390,523
0,391,523
0,392,523
0,393,523
0,394,523
0,395,523
0,396,523
0,397,523
0,398,523
0,399,523
0,400,523
0,401,523
0,375,524
0,376,524
0,377,524
0,378,524
0,379,524
0,380,524
0,381,524
0,382,524
0,383,524
0,384,524
0,385,524
0,386,524
0,387,524
0,388,524
0,389,524
0,390,524
0,391,524
0,392,524
0,393,524
0,394,524
0,395,524
0,396,524
0,397,524
0,398,524
0,399,524
0,400,524
0,401,524
0,402,524
0,403,524
0,374,525
0,375,525
0,376,525
0,377,525
0,378,525
0,379,525
0,380,525
0,381,525
0,382,525
0,383,525
0,384,525
0,385,525
0,386,525
0,387,525
0,388,525
0,389,525
0,390,525
0,391,525
0,392,525
0,393,525
0,394,525
0,395,525
0,396,525
0,397,525
0,398,525
0,399,525
0,400,525
0,401,525
0,402,525
0,403,525
0,404,525
0,373,526
0,374,526
0,375,526
0,376,526
0,377,526
0,378,526
0,379,526
0,380,526
0,381,526
0,382,526
0,383,526
0,384,526
0,385,526
0,386,526
0,387,526
0,388,526
0,389,526
0,390,526
0,391,526
0,392,526
0,393,526
0,394,526
0,395,526
0,396,526
0,397,526
0,398,526
0,399,526
0,400,526
0,401,526
0,402,526
0,403,526
0,404,526
0,405,526
0,372,527
0,373,527
0,374,527
0,375,527
0,376,527
0,377,527
0,378,527
0,379,527
0,380,527
0,381,527
0,382,527
0,383,527
0,384,527
0,385,527
0,386,527
0,387,527
0,388,527
0,389,527
0,390,527
0,391,527
0,392,527
0,393,527
0,394,527
0,395,527
0,396,527
0,397,527
0,398,527
0,399,527
0,400,527
0,401,527
0,402,527
0,403,527
0,404,527
0,405,527
0,406,527
0,371,528
0,372,528
0,373,528
0,374,528
0,375,528
0,376,528
0,377,528
0,378,528
0,379,528
0,380,528
0,381,528
0,382,528
0,383,528
0,384,528
0,385,528
0,386,528
0,387,528
0,388,528
0,389,528
0,390,528
0,391,528
0,392,528
0,393,528
0,394,528
0,395,528
0,396,528
0,397,528
0,398,528
0,399,528
0,400,528
0,401,528
0,402,528
0,403,528
0,404,528
0,405,528
0,406,528
0,407,528
0,371,529
0,372,529
0,373,529
0,374,529
0,375,529
0,376,529
0,377,529
0,378,529
0,379,529
0,380,529
0,381,529
0,382,529
0,383,529
0,384,529
0,385,529
0,386,529
0,387,529
0,388,529
0,389,529
0,390,529
0,391,529
0,392,529
0,393,529
0,394,529
0,395,529
0,396,529
0,397,529
0,398,529
0,399,529
0,400,529
0,401,529
0,402,529
0,403,529
0,404,529
0,405,529
0,406,529
0,407,529
0,370,530
0,371,530
0,372,530
0,373,530
0,374,530
0,375,530
0,376,530
0,377,530
0,378,530
0,379,530
0,380,530
0,381,530
0,382,530
0,383,530
0,384,530
0,385,530
0,386,530
0,387,530
0,388,530
0,389,530
0,390,530
0,391,530
0,392,530
0,393,530
0,394,530
0,395,530
0,396,530
0,397,530
0,398,530
0,399,530
0,400,530
0,401,530
0,402,530
0,403,530
0,404,530
0,405,530
0,406,530
0,407,530
0,408,530
0,369,531
0,370,531
0,371,531
0,372,531
0,373,531
0,374,531
0,375,531
0,376,531
0,377,531
0,378,531
0,379,531
0,380,531
0,381,531
0,382,531
0,383,531
0,384,531
0,385,531
0,386,531
0,387,531
0,388,531
0,389,531
0,390,531
0,391,531
0,392,531
0,393,531
0,394,531
0,395,531
0,396,531
0,397,531
0,398,531
0,399,531
0,400,531
0,401,531
0,402,531
0,403,531
0,404,531
0,405,531
0,406,531
0,407,531
0,408,531
0,409,531
0,369,532
0,370,532
0,371,532
0,372,532
0,373,532
0,374,532
0,375,532
0,376,532
0,377,532
0,378,532
0,379,532
0,380,532
0,381,532
0,382,532
0,383,532
0,384,532
0,385,532
0,386,532
0,387,532
0,388,532
0,389,532
0,390,532
0,391,532
0,392,532
0,393,532
0,394,532
0,395,532
0,396,532
0,397,532
0,398,532
0,399,532
0,400,532
0,401,532
0,402,532
0,403,532
0,404,532
0,405,532
0,406,532
0,407,532
0,408,532
0,409,532
0,368,533
0,369,533
0,370,533
0,371,533
0,372,533
0,373,533
0,374,533
0,375,533
0,376,533
0,377,533
0,378,533
0,379,533
0,380,533
0,381,533
0,382,533
0,383,533
0,384,533
0,385,533
0,386,533
0,387,533
0,388,533
0,389,533
0,390,533
0,391,533
0,392,533
0,393,533
0,394,533
0,395,533
0,396,533
0,397,533
0,398,533
0,399,533
0,400,533
0,401,533
0,402,533
0,403,533
0,404,533
0,405,533
0,406,533
0,407,533
0,408,533
0,409,533
0,410,533
0,368,534
0,369,534
0,370,534
0,371,534
0,372,534
0,373,534
0,374,534
0,375,534
0,376,534
0,377,534
0,378,534
0,379,534
0,380,534
0,381,534
0,382,534
0,383,534
0,384,534
0,385,534
0,386,534
0,387,534
0,388,534
0,389,534
0,390,534
0,391,534
0,392,534
0,393,534
0,394,534
0,395,534
0,396,534
0,397,534
0,398,534
0,399,534
0,400,534
0,401,534
0,402,534
0,403,534
0,404,534
0,405,534
0,406,534
0,407,534
0,408,534
0,409,534
0,410,534
0,368,535
0,369,535
0,370,535
0,371,535
0,372,535
0,373,535
0,374,535
0,375,535
0,376,535
0,377,535
0,378,535
0,379,535
0,380,535
0,381,535
0,382,535
0,383,535
0,384,535
0,385,535
0,386,535
0,387,535
0,388,535
0,389,535
0,390,535
0,391,535
0,392,535
0,393,535
0,394,535
0,395,535
0,396,535
0,397,535
0,398,535
0,399,535
0,400,535
0,401,535
0,402,535
0,403,535
0,404,535
0,405,535
0,406,535
0,407,535
0,408,535
0,409,535
0,410,535
0,367,536
0,368,536
0,369,536
0,370,536
0,371,536
0,372,536
0,373,536
0,374,536
0,375,536
0,376,536
0,377,536
0,378,536
0,379,536
0,380,536
0,381,536
0,382,536
0,383,536
0,384,536
0,385,536
0,386,536
0,387,536
0,388,536
0,389,536
0,390,536
0,391,536
0,392,536
0,393,536
0,394,536
0,395,536
0,396,536
0,397,536
0,398,536
0,399,536
0,400,536
0,401,536
0,402,536
0,403,536
0,404,536
0,405,536
0,406,536
0,407,536
0,408,536
0,409,536
0,410,536
0,411,536
0,367,537
0,368,537
0,369,537
0,370,537
0,371,537
0,372,537
0,373,537
0,374,537
0,375,537
0,376,537
0,377,537
0,378,537
0,379,537
0,380,537
0,381,537
0,382,537
0,383,537
0,384,537
0,385,537
0,386,537
0,387,537
0,388,537
0,389,537
0,390,537
0,391,537
0,392,537
0,393,537
0,394,537
0,395,537
0,396,537
0,397,537
0,398,537
0,399,537
0,400,537
0,401,537
0,402,537
0,403,537
0,404,537
0,405,537
0,406,537
0,407,537
0,408,537
0,409,537
0,410,537
0,411,537
0,367,538
0,368,538
0,369,538
0,370,538
0,371,538
0,372,538
0,373,538
0,374,538
0,375,538
0,376,538
0,377,538
0,378,538
0,379,538
0,380,538
0,381,538
0,382,538
0,383,538
0,384,538
0,385,538
0,386,538
0,387,538
0,388,538
0,389,538
0,390,538
0,391,538
0,392,538
0,393,538
0,394,538
0,395,538
0,396,538
0,397,538
0,398,538
0,399,538
0,400,538
0,401,538
0,402,538
0,403,538
0,404,538
0,405,538
0,406,538
0,407,538
0,408,538
0,409,538
0,410,538
0,411,538
0,367,539
0,368,539
0,369,539
0,370,539
0,371,539
0,372,539
0,373,539
0,374,539
0,375,539
0,376,539
0,377,539
0,378,539
0,379,539
0,380,539
0,381,539
0,382,539
0,383,539
0,384,539
0,385,539
0,386,539
0,387,539
0,388,539
0,389,539
0,390,539
0,391,539
0,392,539
0,393,539
0,394,539
0,395,539
0,396,539
0,397,539
0,398,539
0,399,539
0,400,539
0,401,539
0,402,539
0,403,539
0,404,539
0,405,539
0,406,539
0,407,539
0,408,539
0,409,539
0,410,539
0,411,539
0,367,540
0,368,540
0,369,540
0,370,540
0,371,540
0,372,540
0,373,540
0,374,540
0,375,540
0,376,540
0,377,540
0,378,540
0,379,540
0,380,540
0,381,540
0,382,540
0,383,540
0,384,540
0,385,540
0,386,540
0,387,540
0,388,540
0,389,540
0,390,540
0,391,540
0,392,540
0,393,540
0,394,540
0,395,540
0,396,540
0,397,540
0,398,540
0,399,540
0,400,540
0,401,540
0,402,540
0,403,540
0,404,540
0,405,540
0,406,540
0,407,540
0,408,540
0,409,540
0,410,540
0,411,540
0,367,541
0,368,541
0,369,541
0,370,541
0,371,541
0,372,541
0,373,541
0,374,541
0,375,541
0,376,541
0,377,541
0,378,541
0,379,541
0,380,541
0,381,541
0,382,541
0,383,541
0,384,541
0,385,541
0,386,541
0,387,541
0,388,541
0,389,541
0,390,541
0,391,541
0,392,541
0,393,541
0,394,541
0,395,541
0,396,541
0,397,541
0,398,541
0,399,541
0,400,541
0,401,541
0,402,541
0,403,541
0,404,541
0,405,541
0,406,541
0,407,541
0,408,541
0,409,541
0,410,541
0,411,541
0,366,542
0,367,542
0,368,542
0,369,542
0,370,542
0,371,542
0,372,542
0,373,542
0,374,542
0,375,542
0,376,542
0,377,542
0,378,542
0,379,542
0,380,542
0,381,542
0,382,542
0,383,542
0,384,542
0,385,542
0,386,542
0,387,542
0,388,542
0,389,542
0,390,542
0,391,542
0,392,542
0,393,542
0,394,542
0,395,542
0,396,542
0,397,542
0,398,542
0,399,542
0,400,542
0,401,542
0,402,542
0,403,542
0,404,542
0,405,542
0,406,542
0,407,542
0,408,542
0,409,542
0,410,542
0,411,542
0,412,542
0,367,543
0,368,543
0,369,543
0,370,543
0,371,543
0,372,543
0,373,543
0,374,543
0,375,543
0,376,543
0,377,543
0,378,543
0,379,543
0,380,543
0,381,543
0,382,543
0,383,543
0,384,543
0,385,543
0,386,543
0,387,543
0,388,543
0,389,543
0,390,543
0,391,543
0,392,543
0,393,543
0,394,543
0,395,543
0,396,543
0,397,543
0,398,543
0,399,543
0,400,543
0,401,543
0,402,543
0,403,543
0,404,543
0,405,543
0,406,543
0,407,543
0,408,543
0,409,543
0,410,543
0,411,543
0,367,544
0,368,544
0,369,544
0,370,544
0,371,544
0,372,544
0,373,544
0,374,544
0,375,544
0,376,544
0,377,544
0,378,544
0,379,544
0,380,544
0,381,544
0,382,544
0,383,544
0,384,544
0,385,544
0,386,544
0,387,544
0,388,544
0,389,544
0,390,544
0,391,544
0,392,544
0,393,544
0,394,544
0,395,544
0,396,544
0,397,544
0,398,544
0,399,544
0,400,544
0,401,544
0,402,544
0,403,544
0,404,544
0,405,544
0,406,544
0,407,544
0,408,544
0,409,544
0,410,544
0,411,544
0,367,545
0,368,545
0,369,545
0,370,545
0,371,545
0,372,545
0,373,545
0,374,545
0,375,545
0,376,545
0,377,545
0,378,545
0,379,545
0,380,545
0,381,545
0,382,545
0,383,545
0,384,545
0,385,545
0,386,545
0,387,545
0,388,545
0,389,545
0,390,545
0,391,545
0,392,545
0,393,545
0,394,545
0,395,545
0,396,545
0,397,545
0,398,545
0,399,545
0,400,545
0,401,545
0,402,545
0,403,545
0,404,545
0,405,545
0,406,545
0,407,545
0,408,545
0,409,545
0,410,545
0,411,545
0,367,546
0,368,546
0,369,546
0,370,546
0,371,546
0,372,546
0,373,546
0,374,546
0,375,546
0,376,546
0,377,546
0,378,546
0,379,546
0,380,546
0,381,546
0,382,546
0,383,546
0,384,546
0,385,546
0,386,546
0,387,546
0,388,546
0,389,546
0,390,546
0,391,546
0,392,546
0,393,546
0,394,546
0,395,546
0,396,546
0,397,546
0,398,546
0,399,546
0,400,546
0,401,546
0,402,546
0,403,546
0,404,546
0,405,546
0,406,546
0,407,546
0,408,546
0,409,546
0,410,546
0,411,546
0,367,547
0,368,547
0,369,547
0,370,547
0,371,547
0,372,547
0,373,547
0,374,547
0,375,547
0,376,547
0,377,547
0,378,547
0,379,547
0,380,547
0,381,547
0,382,547
0,383,547
0,384,547
0,385,547
0,386,547
0,387,547
0,388,547
0,389,547
0,390,547
0,391,547
0,392,547
0,393,547
0,394,547
0,395,547
0,396,547
0,397,547
0,398,547
0,399,547
0,400,547
0,401,547
0,402,547
0,403,547
0,404,547
0,405,547
0,406,547
0,407,547
0,408,547
0,409,547
0,410,547
0,411,547
0,367,548
0,368,548
0,369,548
0,370,548
0,371,548
0,372,548
0,373,548
0,374,548
0,375,548
0,376,548
0,377,548
0,378,548
0,379,548
0,380,548
0,381,548
0,382,548
0,383,548
0,384,548
0,385,548
0,386,548
0,387,548
0,388,548
0,389,548
0,390,548
0,391,548
0,392,548
0,393,548
0,394,548
0,395,548
0,396,548
0,397,548
0,398,548
0,399,548
0,400,548
0,401,548
0,402,548
0,403,548
0,404,548
0,405,548
0,406,548
0,407,548
0,408,548
0,409,548
0,410,548
0,411,548
0,368,549
0,369,549
0,370,549
0,371,549
0,372,549
0,373,549
0,374,549
0,375,549
0,376,549
0,377,549
0,378,549
0,379,549
0,380,549
0,381,549
0,382,549
0,383,549
0,384,549
0,385,549
0,386,549
0,387,549
0,388,549
0,389,549
0,390,549
0,391,549
0,392,549
0,393,549
0,394,549
0,395,549
0,396,549
0,397,549
0,398,549
0,399,549
0,400,549
0,401,549
0,402,549
0,403,549
0,404,549
0,405,549
0,406,549
0,407,549
0,408,549
0,409,549
0,410,549
0,368,550
0,369,550
0,370,550
0,371,550
0,372,550
0,373,550
0,374,550
0,375,550
0,376,550
0,377,550
0,378,550
0,379,550
0,380,550
0,381,550
0,382,550
0,383,550
0,384,550
0,385,550
0,386,550
0,387,550
0,388,550
0,389,550
0,390,550
0,391,550
0,392,550
0,393,550
0,394,550
0,395,550
0,396,550
0,397,550
0,398,550
0,399,550
0,400,550
0,401,550
0,402,550
0,403,550
0,404,550
0,405,550
0,406,550
0,407,550
0,408,550
0,409,550
0,410,550
0,368,551
0,369,551
0,370,551
0,371,551
0,372,551
0,373,551
0,374,551
0,375,551
0,376,551
0,377,551
0,378,551
0,379,551
0,380,551
0,381,551
0,382,551
0,383,551
0,384,551
0,385,551
0,386,551
0,387,551
0,388,551
0,389,551
0,390,551
0,391,551
0,392,551
0,393,551
0,394,551
0,395,551
0,396,551
0,397,551
0,398,551
0,399,551
0,400,551
0,401,551
0,402,551
0,403,551
0,404,551
0,405,551
0,406,551
0,407,551
0,408,551
0,409,551
0,410,551
0,369,552
0,370,552
0,371,552
0,372,552
0,373,552
0,374,552
0,375,552
0,376,552
0,377,552
0,378,552
0,379,552
0,380,552
0,381,552
0,382,552
0,383,552
0,384,552
0,385,552
0,386,552
0,387,552
0,388,552
0,389,552
0,390,552
0,391,552
0,392,552
0,393,552
0,394,552
0,395,552
0,396,552
0,397,552
0,398,552
0,399,552
0,400,552
0,401,552
0,402,552
0,403,552
0,404,552
0,405,552
0,406,552
0,407,552
0,408,552
0,409,552
0,369,553
0,370,553
0,371,553
0,372,553
0,373,553
0,374,553
0,375,553
0,376,553
0,377,553
0,378,553
0,379,553
0,380,553
0,381,553
0,382,553
0,383,553
0,384,553
0,385,553
0,386,553
0,387,553
0,388,553
0,389,553
0,390,553
0,391,553
0,392,553
0,393,553
0,394,553
0,395,553
0,396,553
0,397,553
0,398,553
0,399,553
0,400,553
0,401,553
0,402,553
0,403,553
0,404,553
0,405,553
0,406,553
0,407,553
0,408,553
0,409,553
0,370,554
0,371,554
0,372,554
0,373,554
0,374,554
0,375,554
0,376,554
0,377,554
0,378,554
0,379,554
0,380,554
0,381,554
0,382,554
0,383,554
0,384,554
0,385,554
0,386,554
0,387,554
0,388,554
0,389,554
0,390,554
0,391,554
0,392,554
0,393,554
0,394,554
0,395,554
0,396,554
0,397,554
0,398,554
0,399,554
0,400,554
0,401,554
0,402,554
0,403,554
0,404,554
0,405,554
0,406,554
0,407,554
0,408,554
0,371,555
0,372,555
0,373,555
0,374,555
0,375,555
0,376,555
0,377,555
0,378,555
0,379,555
0,380,555
0,381,555
0,382,555
0,383,555
0,384,555
0,385,555
0,386,555
0,387,555
0,388,555
0,389,555
0,390,555
0,391,555
0,392,555
0,393,555
0,394,555
0,395,555
0,396,555
0,397,555
0,398,555
0,399,555
0,400,555
0,401,555
0,402,555
0,403,555
0,404,555
0,405,555
0,406,555
0,407,555
0,371,556
0,372,556
0,373,556
0,374,556
0,375,556
0,376,556
0,377,556
0,378,556
0,379,556
0,380,556
0,381,556
0,382,556
0,383,556
0,384,556
0,385,556
0,386,556
0,387,556
0,388,556
0,389,556
0,390,556
0,391,556
0,392,556
0,393,556
0,394,556
0,395,556
0,396,556
0,397,556
0,398,556
0,399,556
0,400,556
0,401,556
0,402,556
0,403,556
0,404,556
0,405,556
0,406,556
0,407,556
0,372,557
0,373,557
0,374,557
0,375,557
0,376,557
0,377,557
0,378,557
0,379,557
0,380,557
0,381,557
0,382,557
0,383,557
0,384,557
0,385,557
0,386,557
0,387,557
0,388,557
0,389,557
0,390,557
0,391,557
0,392,557
0,393,557
0,394,557
0,395,557
0,396,557
0,397,557
0,398,557
0,399,557
0,400,557
0,401,557
0,402,557
0,403,557
0,404,557
0,405,557
0,406,557
0,373,558
0,374,558
0,375,558
0,376,558
0,377,558
0,378,558
0,379,558
0,380,558
0,381,558
0,382,558
0,383,558
0,384,558
0,385,558
0,386,558
0,387,558
0,388,558
0,389,558
0,390,558
0,391,558
0,392,558
0,393,558
0,394,558
0,395,558
0,396,558
0,397,558
0,398,558
0,399,558
0,400,558
0,401,558
0,402,558
0,403,558
0,404,558
0,405,558
0,374,559
0,375,559
0,376,559
0,377,559
0,378,559
0,379,559
0,380,559
0,381,559
0,382,559
0,383,559
0,384,559
0,385,559
0,386,559
0,387,559
0,388,559
0,389,559
0,390,559
0,391,559
0,392,559
0,393,559
0,394,559
0,395,559
0,396,559
0,397,559
0,398,559
0,399,559
0,400,559
0,401,559
0,402,559
0,403,559
0,404,559
0,375,560
0,376,560
0,377,560
0,378,560
0,379,560
0,380,560
0,381,560
0,382,560
0,383,560
0,384,560
0,385,560
0,386,560
0,387,560
0,388,560
0,389,560
0,390,560
0,391,560
0,392,560
0,393,560
0,394,560
0,395,560
0,396,560
0,397,560
0,398,560
0,399,560
0,400,560
0,401,560
0,402,560
0,403,560
0,377,561
0,378,561
0,379,561
0,380,561
0,381,561
0,382,561
0,383,561
0,384,561
0,385,561
0,386,561
0,387,561
0,388,561
0,389,561
0,390,561
0,391,561
0,392,561
0,393,561
0,394,561
0,395,561
0,396,561
0,397,561
0,398,561
0,399,561
0,400,561
0,401,561
0,378,562
0,379,562
0,380,562
0,381,562
0,382,562
0,383,562
0,384,562
0,385,562
0,386,562
0,387,562
0,388,562
0,389,562
0,390,562
0,391,562
0,392,562
0,393,562
0,394,562
0,395,562
0,396,562
0,397,562
0,398,562
0,399,562
0,400,562
0,380,563
0,381,563
0,382,563
0,383,563
0,384,563
0,385,563
0,386,563
0,387,563
0,388,563
0,389,563
0,390,563
0,391,563
0,392,563
0,393,563
0,394,563
0,395,563
0,396,563
0,397,563
0,398,563
0,383,564
0,384,564
0,385,564
0,386,564
0,387,564
0,388,564
0,389,564
0,390,564
0,391,564
0,392,564
0,393,564
0,394,564
0,395,564
0,389,565
1,44,185
1,39,186
1,40,186
1,41,186
1,42,186
1,43,186
1,44,186
1,45,186
1,46,186
1,47,186
1,48,186
1,49,186
1,37,187
1,38,187
1,39,187
1,40,187
1,41,187
1,42,187
1,43,187
1,44,187
1,45,187
1,46,187
1,47,187
1,48,187
1,49,187
1,50,187
1,51,187
1,35,188
1,36,188
1,37,188
1,38,188
1,39,188
1,40,188
1,41,188
1,42,188
1,43,188
1,44,188
1,45,188
1,46,188
1,47,188
1,48,188
1,49,188
1,50,188
1,51,188
1,52,188
1,53,188
1,34,189
1,35,189
1,36,189
1,37,189
1,38,189
1,39,189
1,40,189
1,41,189
1,42,189
1,43,189
1,44,189
1,45,189
1,46,189
1,47,189
1,48,189
1,49,189
1,50,189
1,51,189
1,52,189
1,53,189
1,54,189
1,33,190
1,34,190
1,35,190
1,36,190
1,37,190
1,38,190
1,39,190
1,40,190
1,41,190
1,42,190
1,43,190
1,44,190
1,45,190
1,46,190
1,47,190
1,48,190
1,49,190
1,50,190
1,51,190
1,52,190
1,53,190
1,54,190
1,55,190
1,32,191
1,33,191
1,34,191
1,35,191
1,36,191
1,37,191
1,38,191
1,39,191
1,40,191
1,41,191
1,42,191
1,43,191
1,44,191
1,45,191
1,46,191
1,47,191
1,48,191
1,49,191
1,50,191
1,51,191
1,52,191
1,53,191
1,54,191
1,55,191
1,56,191
1,31,192
1,32,192
1,33,192
1,34,192
1,35,192
1,36,192
1,37,192
1,38,192
1,39,192
1,40,192
1,41,192
1,42,192
1,43,192
1,44,192
1,45,192
1,46,192
1,47,192
1,48,192
1,49,192
1,50,192
1,51,192
1,52,192
1,53,192
1,54,192
1,55,192
1,56,192
1,57,192
1,31,193
1,32,193
1,33,193
1,34,193
1,35,193
1,36,193
1,37,193
1,38,193
1,39,193
1,40,193
1,41,193
1,42,193
1,43,193
1,44,193
1,45,193
1,46,193
1,47,193
1,48,193
1,49,193
1,50,193
1,51,193
1,52,193
1,53,193
1,54,193
1,55,193
1,56,193
1,57,193
1,30,194
1,31,194
1,32,194
1,33,194
1,34,194
1,35,194
1,36,194
1,37,194
1,38,194
1,39,194
1,40,194
1,41,194
1,42,194
1,43,194
1,44,194
1,45,194
1,46,194
1,47,194
1,48,194
1,49,194
1,50,194
1,51,194
1,52,194
1,53,194
1,54,194
1,55,194
1,56,194
1,57,194
1,58,194
1,30,195
1,31,195
1,32,195
1,33,195
1,34,195
1,35,195
1,36,195
1,37,195
1,38,195
1,39,195
1,40,195
1,41,195
1,42,195
1,43,195
1,44,195
1,45,195
1,46,195
1,47,195
1,48,195
1,49,195
1,50,195
1,51,195
1,52,195
1,53,195
1,54,195
1,55,195
1,56,195
1,57,195
1,58,195
1,29,196
1,30,196
1,31,196
1,32,196
1,33,196
1,34,196
1,35,196
1,36,196
1,37,196
1,38,196
1,39,196
1,40,196
1,41,196
1,42,196
1,43,196
1,44,196
1,45,196
1,46,196
1,47,196
1,48,196
1,49,196
1,50,196
1,51,196
1,52,196
1,53,196
1,54,196
1,55,196
1,56,196
1,57,196
1,58,196
1,59,196
1,29,197
1,30,197
1,31,197
1,32,197
1,33,197
1,34,197
1,35,197
1,36,197
1,37,197
1,38,197
1,39,197
1,40,197
1,41,197
1,42,197
1,43,197
1,44,197
1,45,197
1,46,197
1,47,197
1,48,197
1,49,197
1,50,197
1,51,197
1,52,197
1,53,197
1,54,197
1,55,197
1,56,197
1,57,197
1,58,197
1,59,197
1,29,198
1,30,198
1,31,198
1,32,198
1,33,198
1,34,198
1,35,198
1,36,198
1,37,198
1,38,198
1,39,198
1,40,198
1,41,198
1,42,198
1,43,198
1,44,198
1,45,198
1,46,198
1,47,198
1,48,198
1,49,198
1,50,198
1,51,198
1,52,198
1,53,198
1,54,198
1,55,198
1,56,198
1,57,198
1,58,198
1,59,198
1,29,199
1,30,199
1,31,199
1,32,199
1,33,199
1,34,199
1,35,199
1,36,199
1,37,199
1,38,199
1,39,199
1,40,199
1,41,199
1,42,199
1,43,199
1,44,199
1,45,199
1,46,199
1,47,199
1,48,199
1,49,199
1,50,199
1,51,199
1,52,199
1,53,199
1,54,199
1,55,199
1,56,199
1,57,199
1,58,199
1,59,199
1,29,200
1,30,200
1,31,200
1,32,200
1,33,200
1,34,200
1,35,200
1,36,200
1,37,200
1,38,200
1,39,200
1,40,200
1,41,200
1,42,200
1,43,200
1,44,200
1,45,200
1,46,200
1,47,200
1,48,200
1,49,200
1,50,200
1,51,200
1,52,200
1,53,200
1,54,200
1,55,200
1,56,200
1,57,200
1,58,200
1,59,200
1,28,201
1,29,201
1,30,201
1,31,201
1,32,201
1,33,201
1,34,201
1,35,201
1,36,201
1,37,201
1,38,201
1,39,201
1,40,201
1,41,201
1,42,201
1,43,201
1,44,201
1,45,201
1,46,201
1,47,201
1,48,201
1,49,201
1,50,201
1,51,201
1,52,201
1,53,201
1,54,201
1,55,201
1,56,201
1,57,201
1,58,201
1,59,201
1,60,201
1,29,202
1,30,202
1,31,202
1,32,202
1,33,202
1,34,202
1,35,202
1,36,202
1,37,202
1,38,202
1,39,202
1,40,202
1,41,202
1,42,202
1,43,202
1,44,202
1,45,202
1,46,202
1,47,202
1,48,202
1,49,202
1,50,202
1,51,202
1,52,202
1,53,202
1,54,202
1,55,202
1,56,202
1,57,202
1,58,202
1,59,202
1,29,203
1,30,203
1,31,203
1,32,203
1,33,203
1,34,203
1,35,203
1,36,203
1,37,203
1,38,203
1,39,203
1,40,203
1,41,203
1,42,203
1,43,203
1,44,203
1,45,203
1,46,203
1,47,203
1,48,203
1,49,203
1,50,203
1,51,203
1,52,203
1,53,203
1,54,203
1,55,203
1,56,203
1,57,203
1,58,203
1,59,203
1,29,204
1,30,204
1,31,204
1,32,204
1,33,204
1,34,204
1,35,204
1,36,204
1,37,204
1,38,204
1,39,204
1,40,204
1,41,204
1,42,204
1,43,204
1,44,204
1,45,204
1,46,204
1,47,204
1,48,204
1,49,204
1,50,204
1,51,204
1,52,204
1,53,204
1,54,204
1,55,204
1,56,204
1,57,204
1,58,204
1,59,204
1,29,205
1,30,205
1,31,205
1,32,205
1,33,205
1,34,205
1,35,205
1,36,205
1,37,205
1,38,205
1,39,205
1,40,205
1,41,205
1,42,205
1,43,205
1,44,205
1,45,205
1,46,205
1,47,205
1,48,205
1,49,205
1,50,205
1,51,205
1,52,205
1,53,205
1,54,205
1,55,205
1,56,205
1,57,205
1,58,205
1,59,205
1,29,206
1,30,206
1,31,206
1,32,206
1,33,206
1,34,206
1,35,206
1,36,206
1,37,206
1,38,206
1,39,206
1,40,206
1,41,206
1,42,206
1,43,206
1,44,206
1,45,206
1,46,206
1,47,206
1,48,206
1,49,206
1,50,206
1,51,206
1,52,206
1,53,206
1,54,206
1,55,206
1,56,206
1,57,206
1,58,206
1,59,206
1,30,207
1,31,207
1,32,207
1,33,207
1,34,207
1,35,207
1,36,207
1,37,207
1,38,207
1,39,207
1,40,207
1,41,207
1,42,207
1,43,207
1,44,207
1,45,207
1,46,207
1,47,207
1,48,207
1,49,207
1,50,207
1,51,207
1,52,207
1,53,207
1,54,207
1,55,207
1,56,207
1,57,207
1,58,207
1,30,208
1,31,208
1,32,208
1,33,208
1,34,208
1,35,208
1,36,208
1,37,208
1,38,208
1,39,208
1,40,208
1,41,208
1,42,208
1,43,208
1,44,208
1,45,208
1,46,208
1,47,208
1,48,208
1,49,208
1,50,208
1,51,208
1,52,208
1,53,208
1,54,208
1,55,208
1,56,208
1,57,208
1,58,208
1,31,209
1,32,209
1,33,209
1,34,209
1,35,209
1,36,209
1,37,209
1,38,209
1,39,209
1,40,209
1,41,209
1,42,209
1,43,209
1,44,209
1,45,209
1,46,209
1,47,209
1,48,209
1,49,209
1,50,209
1,51,209
1,52,209
1,53,209
1,54,209
1,55,209
1,56,209
1,57,209
1,31,210
1,32,210
1,33,210
1,34,210
1,35,210
1,36,210
1,37,210
1,38,210
1,39,210
1,40,210
1,41,210
1,42,210
1,43,210
1,44,210
1,45,210
1,46,210
1,47,210
1,48,210
1,49,210
1,50,210
1,51,210
1,52,210
1,53,210
1,54,210
1,55,210
1,56,210
1,57,210
1,32,211
1,33,211
1,34,211
1,35,211
1,36,211
1,37,211
1,38,211
1,39,211
1,40,211
1,41,211
1,42,211
1,43,211
1,44,211
1,45,211
1,46,211
1,47,211
1,48,211
1,49,211
1,50,211
1,51,211
1,52,211
1,53,211
1,54,211
1,55,211
1,56,211
1,33,212
1,34,212
1,35,212
1,36,212
1,37,212
1,38,212
1,39,212
1,40,212
1,41,212
1,42,212
1,43,212
1,44,212
1,45,212
1,46,212
1,47,212
1,48,212
1,49,212
1,50,212
1,51,212
1,52,212
1,53,212
1,54,212
1,55,212
1,34,213
1,35,213
1,36,213
1,37,213
1,38,213
1,39,213
1,40,213
1,41,213
1,42,213
1,43,213
1,44,213
1,45,213
1,46,213
1,47,213
1,48,213
1,49,213
1,50,213
1,51,213
1,52,213
1,53,213
1,54,213
1,35,214
1,36,214
1,37,214
1,38,214
1,39,214
1,40,214
1,41,214
1,42,214
1,43,214
1,44,214
1,45,214
1,46,214
1,47,214
1,48,214
1,49,214
1,50,214
1,51,214
1,52,214
1,53,214
1,37,215
1,38,215
1,39,215
1,40,215
1,41,215
1,42,215
1,43,215
1,44,215
1,45,215
1,46,215
1,47,215
1,48,215
1,49,215
1,50,215
1,51,215
1,39,216
1,40,216
1,41,216
1,42,216
1,43,216
1,44,216
1,45,216
1,46,216
1,47,216
1,48,216
1,49,216
1,44,217
2,291,524
2,285,525
2,286,525
2,287,525
2,288,525
2,289,525
2,290,525
2,291,525
2,292,525
2,293,525
2,294,525
2,295,525
2,296,525
2,297,525
2,282,526
2,283,526
2,284,526
2,285,526
2,286,526
2,287,526
2,288,526
2,289,526
2,290,526
2,291,526
2,292,526
2,293,526
2,294,526
2,295,526
2,296,526
2,297,526
2,298,526
2,299,526
2,300,526
2,280,527
2,281,527
2,282,527
2,283,527
2,284,527
2,285,527
2,286,527
2,287,527
2,288,527
2,289,527
2,290,527
2,291,527
2,292,527
2,293,527
2,294,527
2,295,527
2,296,527
2,297,527
2,298,527
2,299,527
2,300,527
2,301,527
2,302,527
2,278,528
2,279,528
2,280,528
2,281,528
2,282,528
2,283,528
2,284,528
2,285,528
2,286,528
2,287,528
2,288,528
2,289,528
2,290,528
2,291,528
2,292,528
2,293,528
2,294,528
2,295,528
2,296,528
2,297,528
2,298,528
2,299,528
2,300,528
2,301,528
2,302,528
2,303,528
2,304,528
2,277,529
2,278,529
2,279,529
2,280,529
2,281,529
2,282,529
2,283,529
2,284,529
2,285,529
2,286,529
2,287,529
2,288,529
2,289,529
2,290,529
2,291,529
2,292,529
2,293,529
2,294,529
2,295,529
2,296,529
2,297,529
2,298,529
2,299,529
2,300,529
2,301,529
2,302,529
2,303,529
2,304,529
2,305,529
2,276,530
2,277,530
2,278,530
2,279,530
2,280,530
2,281,530
2,282,530
2,283,530
2,284,530
2,285,530
2,286,530
2,287,530
2,288,530
2,289,530
2,290,530
2,291,530
2,292,530
2,293,530
2,294,530
2,295,530
2,296,530
2,297,530
2,298,530
2,299,530
2,300,530
2,301,530
2,302,530
2,303,530
2,304,530
2,305,530
2,306,530
2,275,531
2,276,531
2,277,531
2,278,531
2,279,531
2,280,531
2,281,531
2,282,531
2,283,531
2,284,531
2,285,531
2,286,531
2,287,531
2,288,531
2,289,531
2,290,531
2,291,531
2,292,531
2,293,531
2,294,531
2,295,531
2,296,531
2,297,531
2,298,531
2,299,531
2,300,531
2,301,531
2,302,531
2,303,531
2,304,531
2,305,531
2,306,531
2,307,531
2,274,532
2,275,532
2,276,532
2,277,532
2,278,532
2,279,532
2,280,532
2,281,532
2,282,532
2,283,532
2,284,532
2,285,532
2,286,532
2,287,532
2,288,532
2,289,532
2,290,532
2,291,532
2,292,532
2,293,532
2,294,532
2,295,532
2,296,532
2,297,532
2,298,532
2,299,532
2,300,532
2,301,532
2,302,532
2,303,532
2,304,532
2,305,532
2,306,532
2,307,532
2,308,532
2,273,533
2,274,533
2,275,533
2,276,533
2,277,533
2,278,533
2,279,533
2,280,533
2,281,533
2,282,533
2,283,533
2,284,533
2,285,533
2,286,533
2,287,533
2,288,533
2,289,533
2,290,533
2,291,533
2,292,533
2,293,533
2,294,533
2,295,533
2,296,533
2,297,533
2,298,533
2,299,533
2,300,533
2,301,533
2,302,533
2,303,533
2,304,533
2,305,533
2,306,533
2,307,533
2,308,533
2,309,533
2,272,534
2,273,534
2,274,534
2,275,534
2,276,534
2,277,534
2,278,534
2,279,534
2,280,534
2,281,534
2,282,534
2,283,534
2,284,534
2,285,534
2,286,534
2,287,534
2,288,534
2,289,534
2,290,534
2,291,534
2,292,534
2,293,534
2,294,534
2,295,534
2,296,534
2,297,534
2,298,534
2,299,534
2,300,534
2,301,534
2,302,534
2,303,534
2,304,534
2,305,534
2,306,534
2,307,534
2,308,534
2,309,534
2,310,534
2,271,535
2,272,535
2,273,535
2,274,535
2,275,535
2,276,535
2,277,535
2,278,535
2,279,535
2,280,535
2,281,535
2,282,535
2,283,535
2,284,535
2,285,535
2,286,535
2,287,535
2,288,535
2,289,535
2,290,535
2,291,535
2,292,535
2,293,535
2,294,535
2,295,535
2,296,535
2,297,535
2,298,535
2,299,535
2,300,535
2,301,535
2,302,535
2,303,535
2,304,535
2,305,535
2,306,535
2,307,535
2,308,535
2,309,535
2,310,535
2,311,535
2,271,536
2,272,536
2,273,536
2,274,536
2,275,536
2,276,536
2,277,536
2,278,536
2,279,536
2,280,536
2,281,536
2,282,536
2,283,536
2,284,536
2,285,536
2,286,536
2,287,536
2,288,536
2,289,536
2,290,536
2,291,536
2,292,536
2,293,536
2,294,536
2,295,536
2,296,536
2,297,536
2,298,536
2,299,536
2,300,536
2,301,536
2,302,536
2,303,536
2,304,536
2,305,536
2,306,536
2,307,536
2,308,536
2,309,536
2,310,536
2,311,536
2,270,537
2,271,537
2,272,537
2,273,537
2,274,537
2,275,537
2,276,537
2,277,537
2,278,537
2,279,537
2,280,537
2,281,537
2,282,537
2,283,537
2,284,537
2,285,537
2,286,537
2,287,537
2,288,537
2,289,537
2,290,537
2,291,537
2,292,537
2,293,537
2,294,537
2,295,537
2,296,537
2,297,537
2,298,537
2,299,537
2,300,537
2,301,537
2,302,537
2,303,537
2,304,537
2,305,537
2,306,537
2,307,537
2,308,537
2,309,537
2,310,537
2,311,537
2,312,537
2,270,538
2,271,538
2,272,538
2,273,538
2,274,538
2,275,538
2,276,538
2,277,538
2,278,538
2,279,538
2,280,538
2,281,538
2,282,538
2,283,538
2,284,538
2,285,538
2,286,538
2,287,538
2,288,538
2,289,538
2,290,538
2,291,538
2,292,538
2,293,538
2,294,538
2,295,538
2,296,538
2,297,538
2,298,538
2,299,538
2,300,538
2,301,538
2,302,538
2,303,538
2,304,538
2,305,538
2,306,538
2,307,538
2,308,538
2,309,538
2,310,538
2,311,538
2,312,538
2,269,539
2,270,539
2,271,539
2,272,539
2,273,539
2,274,539
2,275,539
2,276,539
2,277,539
2,278,539
2,279,539
2,280,539
2,281,539
2,282,539
2,283,539
2,284,539
2,285,539
2,286,539
2,287,539
2,288,539
2,289,539
2,290,539
2,291,539
2,292,539
2,293,539
2,294,539
2,295,539
2,296,539
2,297,539
2,298,539
2,299,539
2,300,539
2,301,539
2,302,539
2,303,539
2,304,539
2,305,539
2,306,539
2,307,539
2,308,539
2,309,539
2,310,539
2,311,539
2,312,539
2,313,539
2,269,540
2,270,540
2,271,540
2,272,540
2,273,540
2,274,540
2,275,540
2,276,540
2,277,540
2,278,540
2,279,540
2,280,540
2,281,540
2,282,540
2,283,540
2,284,540
2,285,540
2,286,540
2,287,540
2,288,540
2,289,540
2,290,540
2,291,540
2,292,540
2,293,540
2,294,540
2,295,540
2,296,540
2,297,540
2,298,540
2,299,540
2,300,540
2,301,540
2,302,540
2,303,540
2,304,540
2,305,540
2,306,540
2,307,540
2,308,540
2,309,540
2,310,540
2,311,540
2,312,540
2,313,540
2,269,541
2,270,541
2,271,541
2,272,541
2,273,541
2,274,541
2,275,541
2,276,541
2,277,541
2,278,541
2,279,541
2,280,541
2,281,541
2,282,541
2,283,541
2,284,541
2,285,541
2,286,541
2,287,541
2,288,541
2,289,541
2,290,541
2,291,541
2,292,541
2,293,541
2,294,541
2,295,541
2,296,541
2,297,541
2,298,541
2,299,541
2,300,541
2,301,541
2,302,541
2,303,541
2,304,541
2,305,541
2,306,541
2,307,541
2,308,541
2,309,541
2,310,541
2,311,541
2,312,541
2,313,541
2,268,542
2,269,542
2,270,542
2,271,542
2,272,542
2,273,542
2,274,542
2,275,542
2,276,542
2,277,542
2,278,542
2,279,542
2,280,542
2,281,542
2,282,542
2,283,542
2,284,542
2,285,542
2,286,542
2,287,542
2,288,542
2,289,542
2,290,542
2,291,542
2,292,542
2,293,542
2,294,542
2,295,542
2,296,542
2,297,542
2,298,542
2,299,542
2,300,542
2,301,542
2,302,542
2,303,542
2,304,542
2,305,542
2,306,542
2,307,542
2,308,542
2,309,542
2,310,542
2,311,542
2,312,542
2,313,542
2,314,542
2,268,543
2,269,543
2,270,543
2,271,543
2,272,543
2,273,543
2,274,543
2,275,543
2,276,543
2,277,543
2,278,543
2,279,543
2,280,543
2,281,543
2,282,543
2,283,543
2,284,543
2,285,543
2,286,543
2,287,543
2,288,543
2,289,543
2,290,543
2,291,543
2,292,543
2,293,543
2,294,543
2,295,543
2,296,543
2,297,543
2,298,543
2,299,543
2,300,543
2,301,543
2,302,543
2,303,543
2,304,543
2,305,543
2,306,543
2,307,543
2,308,543
2,309,543
2,310,543
2,311,543
2,312,543
2,313,543
2,314,543
2,268,544
2,269,544
2,270,544
2,271,544
2,272,544
2,273,544
2,274,544
2,275,544
2,276,544
2,277,544
2,278,544
2,279,544
2,280,544
2,281,544
2,282,544
2,283,544
2,284,544
2,285,544
2,286,544
2,287,544
2,288,544
2,289,544
2,290,544
2,291,544
2,292,544
2,293,544
2,294,544
2,295,544
2,296,544
2,297,544
2,298,544
2,299,544
2,300,544
2,301,544
2,302,544
2,303,544
2,304,544
2,305,544
2,306,544
2,307,544
2,308,544
2,309,544
2,310,544
2,311,544
2,312,544
2,313,544
2,314,544
2,268,545
2,269,545
2,270,545
2,271,545
2,272,545
2,273,545
2,274,545
2,275,545
2,276,545
2,277,545
2,278,545
2,279,545
2,280,545
2,281,545
2,282,545
2,283,545
2,284,545
2,285,545
2,286,545
2,287,545
2,288,545
2,289,545
2,290,545
2,291,545
2,292,545
2,293,545
2,294,545
2,295,545
2,296,545
2,297,545
2,298,545
2,299,545
2,300,545
2,301,545
2,302,545
2,303,545
2,304,545
2,305,545
2,306,545
2,307,545
2,308,545
2,309,545
2,310,545
2,311,545
2,312,545
2,313,545
2,314,545
2,268,546
2,269,546
2,270,546
2,271,546
2,272,546
2,273,546
2,274,546
2,275,546
2,276,546
2,277,546
2,278,546
2,279,546
2,280,546
2,281,546
2,282,546
2,283,546
2,284,546
2,285,546
2,286,546
2,287,546
2,288,546
2,289,546
2,290,546
2,291,546
2,292,546
2,293,546
2,294,546
2,295,546
2,296,546
2,297,546
2,298,546
2,299,546
2,300,546
2,301,546
2,302,546
2,303,546
2,304,546
2,305,546
2,306,546
2,307,546
2,308,546
2,309,546
2,310,546
2,311,546
2,312,546
2,313,546
2,314,546
2,268,547
2,269,547
2,270,547
2,271,547
2,272,547
2,273,547
2,274,547
2,275,547
2,276,547
2,277,547
2,278,547
2,279,547
2,280,547
2,281,547
2,282,547
2,283,547
2,284,547
2,285,547
2,286,547
2,287,547
2,288,547
2,289,547
2,290,547
2,291,547
2,292,547
2,293,547
2,294,547
2,295,547
2,296,547
2,297,547
2,298,547
2,299,547
2,300,547
2,301,547
2,302,547
2,303,547
2,304,547
2,305,547
2,306,547
2,307,547
2,308,547
2,309,547
2,310,547
2,311,547
2,312,547
2,313,547
2,314,547
2,267,548
2,268,548
2,269,548
2,270,548
2,271,548
2,272,548
2,273,548
2,274,548
2,275,548
2,276,548
2,277,548
2,278,548
2,279,548
2,280,548
2,281,548
2,282,548
2,283,548
2,284,548
2,285,548
2,286,548
2,287,548
2,288,548
2,289,548
2,290,548
2,291,548
2,292,548
2,293,548
2,294,548
2,295,548
2,296,548
2,297,548
2,298,548
2,299,548
2,300,548
2,301,548
2,302,548
2,303,548
2,304,548
2,305,548
2,306,548
2,307,548
2,308,548
2,309,548
2,310,548
2,311,548
2,312,548
2,313,548
2,314,548
2,315,548
2,268,549
2,269,549
2,270,549
2,271,549
2,272,549
2,273,549
2,274,549
2,275,549
2,276,549
2,277,549
2,278,549
2,279,549
2,280,549
2,281,549
2,282,549
2,283,549
2,284,549
2,285,549
2,286,549
2,287,549
2,288,549
2,289,549
2,290,549
2,291,549
2,292,549
2,293,549
2,294,549
2,295,549
2,296,549
2,297,549
2,298,549
2,299,549
2,300,549
2,301,549
2,302,549
2,303,549
2,304,549
2,305,549
2,306,549
2,307,549
2,308,549
2,309,549
2,310,549
2,311,549
2,312,549
2,313,549
2,314,549
2,268,550
2,269,550
2,270,550
2,271,550
2,272,550
2,273,550
2,274,550
2,275,550
2,276,550
2,277,550
2,278,550
2,279,550
2,280,550
2,281,550
2,282,550
2,283,550
2,284,550
2,285,550
2,286,550
2,287,550
2,288,550
2,289,550
2,290,550
2,291,550
2,292,550
2,293,550
2,294,550
2,295,550
2,296,550
2,297,550
2,298,550
2,299,550
2,300,550
2,301,550
2,302,550
2,303,550
2,304,550
2,305,550
2,306,550
2,307,550
2,308,550
2,309,550
2,310,550
2,311,550
2,312,550
2,313,550
2,314,550
2,268,551
2,269,551
2,270,551
2,271,551
2,272,551
2,273,551
2,274,551
2,275,551
2,276,551
2,277,551
2,278,551
2,279,551
2,280,551
2,281,551
2,282,551
2,283,551
2,284,551
2,285,551
2,286,551
2,287,551
2,288,551
2,289,551
2,290,551
2,291,551
2,292,551
2,293,551
2,294,551
2,295,551
2,296,551
2,297,551
2,298,551
2,299,551
2,300,551
2,301,551
2,302,551
2,303,551
2,304,551
2,305,551
2,306,551
2,307,551
2,308,551
2,309,551
2,310,551
2,311,551
2,312,551
2,313,551
2,314,551
2,268,552
2,269,552
2,270,552
2,271,552
2,272,552
2,273,552
2,274,552
2,275,552
2,276,552
2,277,552
2,278,552
2,279,552
2,280,552
2,281,552
2,282,552
2,283,552
2,284,552
2,285,552
2,286,552
2,287,552
2,288,552
2,289,552
2,290,552
2,291,552
2,292,552
2,293,552
2,294,552
2,295,552
2,296,552
2,297,552
2,298,552
2,299,552
2,300,552
2,301,552
2,302,552
2,303,552
2,304,552
2,305,552
2,306,552
2,307,552
2,308,552
2,309,552
2,310,552
2,311,552
2,312,552
2,313,552
2,314,552
2,268,553
2,269,553
2,270,553
2,271,553
2,272,553
2,273,553
2,274,553
2,275,553
2,276,553
2,277,553
2,278,553
2,279,553
2,280,553
2,281,553
2,282,553
2,283,553
2,284,553
2,285,553
2,286,553
2,287,553
2,288,553
2,289,553
2,290,553
2,291,553
2,292,553
2,293,553
2,294,553
2,295,553
2,296,553
2,297,553
2,298,553
2,299,553
2,300,553
2,301,553
2,302,553
2,303,553
2,304,553
2,305,553
2,306,553
2,307,553
2,308,553
2,309,553
2,310,553
2,311,553
2,312,553
2,313,553
2,314,553
2,268,554
2,269,554
2,270,554
2,271,554
2,272,554
2,273,554
2,274,554
2,275,554
2,276,554
2,277,554
2,278,554
2,279,554
2,280,554
2,281,554
2,282,554
2,283,554
2,284,554
2,285,554
2,286,554
2,287,554
2,288,554
2,289,554
2,290,554
2,291,554
2,292,554
2,293,554
2,294,554
2,295,554
2,296,554
2,297,554
2,298,554
2,299,554
2,300,554
2,301,554
2,302,554
2,303,554
2,304,554
2,305,554
2,306,554
2,307,554
2,308,554
2,309,554
2,310,554
2,311,554
2,312,554
2,313,554
2,314,554
2,269,555
2,270,555
2,271,555
2,272,555
2,273,555
2,274,555
2,275,555
2,276,555
2,277,555
2,278,555
2,279,555
2,280,555
2,281,555
2,282,555
2,283,555
2,284,555
2,285,555
2,286,555
2,287,555
2,288,555
2,289,555
2,290,555
2,291,555
2,292,555
2,293,555
2,294,555
2,295,555
2,296,555
2,297,555
2,298,555
2,299,555
2,300,555
2,301,555
2,302,555
2,303,555
2,304,555
2,305,555
2,306,555
2,307,555
2,308,555
2,309,555
2,310,555
2,311,555
2,312,555
2,313,555
2,269,556
2,270,556
2,271,556
2,272,556
2,273,556
2,274,556
2,275,556
2,276,556
2,277,556
2,278,556
2,279,556
2,280,556
2,281,556
2,282,556
2,283,556
2,284,556
2,285,556
2,286,556
2,287,556
2,288,556
2,289,556
2,290,556
2,291,556
2,292,556
2,293,556
2,294,556
2,295,556
2,296,556
2,297,556
2,298,556
2,299,556
2,300,556
2,301,556
2,302,556
2,303,556
2,304,556
2,305,556
2,306,556
2,307,556
2,308,556
2,309,556
2,310,556
2,311,556
2,312,556
2,313,556
2,269,557
2,270,557
2,271,557
2,272,557
2,273,557
2,274,557
2,275,557
2,276,557
2,277,557
2,278,557
2,279,557
2,280,557
2,281,557
2,282,557
2,283,557
2,284,557
2,285,557
2,286,557
2,287,557
2,288,557
2,289,557
2,290,557
2,291,557
2,292,557
2,293,557
2,294,557
2,295,557
2,296,557
2,297,557
2,298,557
2,299,557
2,300,557
2,301,557
2,302,557
2,303,557
2,304,557
2,305,557
2,306,557
2,307,557
2,308,557
2,309,557
2,310,557
2,311,557
2,312,557
2,313,557
2,270,558
2,271,558
2,272,558
2,273,558
2,274,558
2,275,558
2,276,558
2,277,558
2,278,558
2,279,558
2,280,558
2,281,558
2,282,558
2,283,558
2,284,558
2,285,558
2,286,558
2,287,558
2,288,558
2,289,558
2,290,558
2,291,558
2,292,558
2,293,558
2,294,558
2,295,558
2,296,558
2,297,558
2,298,558
2,299,558
2,300,558
2,301,558
2,302,558
2,303,558
2,304,558
2,305,558
2,306,558
2,307,558
2,308,558
2,309,558
2,310,558
2,311,558
2,312,558
2,270,559
2,271,559
2,272,559
2,273,559
2,274,559
2,275,559
2,276,559
2,277,559
2,278,559
2,279,559
2,280,559
2,281,559
2,282,559
2,283,559
2,284,559
2,285,559
2,286,559
2,287,559
2,288,559
2,289,559
2,290,559
2,291,559
2,292,559
2,293,559
2,294,559
2,295,559
2,296,559
2,297,559
2,298,559
2,299,559
2,300,559
2,301,559
2,302,559
2,303,559
2,304,559
2,305,559
2,306,559
2,307,559
2,308,559
2,309,559
2,310,559
2,311,559
2,312,559
2,271,560
2,272,560
2,273,560
2,274,560
2,275,560
2,276,560
2,277,560
2,278,560
2,279,560
2,280,560
2,281,560
2,282,560
2,283,560
2,284,560
2,285,560
2,286,560
2,287,560
2,288,560
2,289,560
2,290,560
2,291,560
2,292,560
2,293,560
2,294,560
2,295,560
2,296,560
2,297,560
2,298,560
2,299,560
2,300,560
2,301,560
2,302,560
2,303,560
2,304,560
2,305,560
2,306,560
2,307,560
2,308,560
2,309,560
2,310,560
2,311,560
2,271,561
2,272,561
2,273,561
2,274,561
2,275,561
2,276,561
2,277,561
2,278,561
2,279,561
2,280,561
2,281,561
2,282,561
2,283,561
2,284,561
2,285,561
2,286,561
2,287,561
2,288,561
2,289,561
2,290,561
2,291,561
2,292,561
2,293,561
2,294,561
2,295,561
2,296,561
2,297,561
2,298,561
2,299,561
2,300,561
2,301,561
2,302,561
2,303,561
2,304,561
2,305,561
2,306,561
2,307,561
2,308,561
2,309,561
2,310,561
2,311,561
2,272,562
2,273,562
2,274,562
2,275,562
2,276,562
2,277,562
2,278,562
2,279,562
2,280,562
2,281,562
2,282,562
2,283,562
2,284,562
2,285,562
2,286,562
2,287,562
2,288,562
2,289,562
2,290,562
2,291,562
2,292,562
2,293,562
2,294,562
2,295,562
2,296,562
2,297,562
2,298,562
2,299,562
2,300,562
2,301,562
2,302,562
2,303,562
2,304,562
2,305,562
2,306,562
2,307,562
2,308,562
2,309,562
2,310,562
2,273,563
2,274,563
2,275,563
2,276,563
2,277,563
2,278,563
2,279,563
2,280,563
2,281,563
2,282,563
2,283,563
2,284,563
2,285,563
2,286,563
2,287,563
2,288,563
2,289,563
2,290,563
2,291,563
2,292,563
2,293,563
2,294,563
2,295,563
2,296,563
2,297,563
2,298,563
2,299,563
2,300,563
2,301,563
2,302,563
2,303,563
2,304,563
2,305,563
2,306,563
2,307,563
2,308,563
2,309,563
2,274,564
2,275,564
2,276,564
2,277,564
2,278,564
2,279,564
2,280,564
2,281,564
2,282,564
2,283,564
2,284,564
2,285,564
2,286,564
2,287,564
2,288,564
2,289,564
2,290,564
2,291,564
2,292,564
2,293,564
2,294,564
2,295,564
2,296,564
2,297,564
2,298,564
2,299,564
2,300,564
2,301,564
2,302,564
2,303,564
2,304,564
2,305,564
2,306,564
2,307,564
2,308,564
2,275,565
2,276,565
2,277,565
2,278,565
2,279,565
2,280,565
2,281,565
2,282,565
2,283,565
2,284,565
2,285,565
2,286,565
2,287,565
2,288,565
2,289,565
2,290,565
2,291,565
2,292,565
2,293,565
2,294,565
2,295,565
2,296,565
2,297,565
2,298,565
2,299,565
2,300,565
2,301,565
2,302,565
2,303,565
2,304,565
2,305,565
2,306,565
2,307,565
2,276,566
2,277,566
2,278,566
2,279,566
2,280,566
2,281,566
2,282,566
2,283,566
2,284,566
2,285,566
2,286,566
2,287,566
2,288,566
2,289,566
2,290,566
2,291,566
2,292,566
2,293,566
2,294,566
2,295,566
2,296,566
2,297,566
2,298,566
2,299,566
2,300,566
2,301,566
2,302,566
2,303,566
2,304,566
2,305,566
2,306,566
2,277,567
2,278,567
2,279,567
2,280,567
2,281,567
2,282,567
2,283,567
2,284,567
2,285,567
2,286,567
2,287,567
2,288,567
2,289,567
2,290,567
2,291,567
2,292,567
2,293,567
2,294,567
2,295,567
2,296,567
2,297,567
2,298,567
2,299,567
2,300,567
2,301,567
2,302,567
2,303,567
2,304,567
2,305,567
2,278,568
2,279,568
2,280,568
2,281,568
2,282,568
2,283,568
2,284,568
2,285,568
2,286,568
2,287,568
2,288,568
2,289,568
2,290,568
2,291,568
2,292,568
2,293,568
2,294,568
2,295,568
2,296,568
2,297,568
2,298,568
2,299,568
2,300,568
2,301,568
2,302,568
2,303,568
2,304,568
2,280,569
2,281,569
2,282,569
2,283,569
2,284,569
2,285,569
2,286,569
2,287,569
2,288,569
2,289,569
2,290,569
2,291,569
2,292,569
2,293,569
2,294,569
2,295,569
2,296,569
2,297,569
2,298,569
2,299,569
2,300,569
2,301,569
2,302,569
2,282,570
2,283,570
2,284,570
2,285,570
2,286,570
2,287,570
2,288,570
2,289,570
2,290,570
2,291,570
2,292,570
2,293,570
2,294,570
2,295,570
2,296,570
2,297,570
2,298,570
2,299,570
2,300,570
2,285,571
2,286,571
2,287,571
2,288,571
2,289,571
2,290,571
2,291,571
2,292,571
2,293,571
2,294,571
2,295,571
2,296,571
2,297,571
2,291,572
3,630,462
3,624,463
3,625,463
3,626,463
3,627,463
3,628,463
3,629,463
3,630,463
3,631,463
3,632,463
3,633,463
3,634,463
3,635,463
3,636,463
3,622,464
3,623,464
3,624,464
3,625,464
3,626,464
3,627,464
3,628,464
3,629,464
3,630,464
3,631,464
3,632,464
3,633,464
3,634,464
3,635,464
3,636,464
3,637,464
3,638,464
3,620,465
3,621,465
3,622,465
3,623,465
3,624,465
3,625,465
3,626,465
3,627,465
3,628,465
3,629,465
3,630,465
3,631,465
3,632,465
3,633,465
3,634,465
3,635,465
3,636,465
3,637,465
3,638,465
3,639,465
3,640,465
3,619,466
3,620,466
3,621,466
3,622,466
3,623,466
3,624,466
3,625,466
3,626,466
3,627,466
3,628,466
3,629,466
3,630,466
3,631,466
3,632,466
3,633,466
3,634,466
3,635,466
3,636,466
3,637,466
3,638,466
3,639,466
3,640,466
3,641,466
3,618,467
3,619,467
3,620,467
3,621,467
3,622,467
3,623,467
3,624,467
3,625,467
3,626,467
3,627,467
3,628,467
3,629,467
3,630,467
3,631,467
3,632,467
3,633,467
3,634,467
3,635,467
3,636,467
3,637,467
3,638,467
3,639,467
3,640,467
3,641,467
3,642,467
3,617,468
3,618,468
3,619,468
3,620,468
3,621,468
3,622,468
3,623,468
3,624,468
3,625,468
3,626,468
3,627,468
3,628,468
3,629,468
3,630,468
3,631,468
3,632,468
3,633,468
3,634,468
3,635,468
3,636,468
3,637,468
3,638,468
3,639,468
3,640,468
3,641,468
3,642,468
3,643,468
3,616,469
3,617,469
3,618,469
3,619,469
3,620,469
3,621,469
3,622,469
3,623,469
3,624,469
3,625,469
3,626,469
3,627,469
3,628,469
3,629,469
3,630,469
3,631,469
3,632,469
3,633,469
3,634,469
3,635,469
3,636,469
3,637,469
3,638,469
3,639,469
3,640,469
3,641,469
3,642,469
3,643,469
3,644,469
3,615,470
3,616,470
3,617,470
3,618,470
3,619,470
3,620,470
3,621,470
3,622,470
3,623,470
3,624,470
3,625,470
3,626,470
3,627,470
3,628,470
3,629,470
3,630,470
3,631,470
3,632,470
3,633,470
3,634,470
3,635,470
3,636,470
3,637,470
3,638,470
3,639,470
3,640,470
3,641,470
3,642,470
3,643,470
3,644,470
3,645,470
3,614,471
3,615,471
3,616,471
3,617,471
3,618,471
3,619,471
3,620,471
3,621,471
3,622,471
3,623,471
3,624,471
3,625,471
3,626,471
3,627,471
3,628,471
3,629,471
3,630,471
3,631,471
3,632,471
3,633,471
3,634,471
3,635,471
3,636,471
3,637,471
3,638,471
3,639,471
3,640,471
3,641,471
3,642,471
3,643,471
3,644,471
3,645,471
3,646,471
3,614,472
3,615,472
3,616,472
3,617,472
3,618,472
3,619,472
3,620,472
3,621,472
3,622,472
3,623,472
3,624,472
3,625,472
3,626,472
3,627,472
3,628,472
3,629,472
3,630,472
3,631,472
3,632,472
3,633,472
3,634,472
3,635,472
3,636,472
3,637,472
3,638,472
3,639,472
3,640,472
3,641,472
3,642,472
3,643,472
3,644,472
3,645,472
3,646,472
3,613,473
3,614,473
3,615,473
3,616,473
3,617,473
3,618,473
3,619,473
3,620,473
3,621,473
3,622,473
3,623,473
3,624,473
3,625,473
3,626,473
3,627,473
3,628,473
3,629,473
3,630,473
3,631,473
3,632,473
3,633,473
3,634,473
3,635,473
3,636,473
3,637,473
3,638,473
3,639,473
3,640,473
3,641,473
3,642,473
3,643,473
3,644,473
3,645,473
3,646,473
3,647,473
3,613,474
3,614,474
3,615,474
3,616,474
3,617,474
3,618,474
3,619,474
3,620,474
3,621,474
3,622,474
3,623,474
3,624,474
3,625,474
3,626,474
3,627,474
3,628,474
3,629,474
3,630,474
3,631,474
3,632,474
3,633,474
3,634,474
3,635,474
3,636,474
3,637,474
3,638,474
3,639,474
3,640,474
3,641,474
3,642,474
3,643,474
3,644,474
3,645,474
3,646,474
3,647,474
3,612,475
3,613,475
3,614,475
3,615,475
3,616,475
3,617,475
3,618,475
3,619,475
3,620,475
3,621,475
3,622,475
3,623,475
3,624,475
3,625,475
3,626,475
3,627,475
3,628,475
3,629,475
3,630,475
3,631,475
3,632,475
3,633,475
3,634,475
3,635,475
3,636,475
3,637,475
3,638,475
3,639,475
3,640,475
3,641,475
3,642,475
3,643,475
3,644,475
3,645,475
3,646,475
3,647,475
3,648,475
3,612,476
3,613,476
3,614,476
3,615,476
3,616,476
3,617,476
3,618,476
3,619,476
3,620,476
3,621,476
3,622,476
3,623,476
3,624,476
3,625,476
3,626,476
3,627,476
3,628,476
3,629,476
3,630,476
3,631,476
3,632,476
3,633,476
3,634,476
3,635,476
3,636,476
3,637,476
3,638,476
3,639,476
3,640,476
3,641,476
3,642,476
3,643,476
3,644,476
3,645,476
3,646,476
3,647,476
3,648,476
3,612,477
3,613,477
3,614,477
3,615,477
3,616,477
3,617,477
3,618,477
3,619,477
3,620,477
3,621,477
3,622,477
3,623,477
3,624,477
3,625,477
3,626,477
3,627,477
3,628,477
3,629,477
3,630,477
3,631,477
3,632,477
3,633,477
3,634,477
3,635,477
3,636,477
3,637,477
3,638,477
3,639,477
3,640,477
3,641,477
3,642,477
3,643,477
3,644,477
3,645,477
3,646,477
3,647,477
3,648,477
3,612,478
3,613,478
3,614,478
3,615,478
3,616,478
3,617,478
3,618,478
3,619,478
3,620,478
3,621,478
3,622,478
3,623,478
3,624,478
3,625,478
3,626,478
3,627,478
3,628,478
3,629,478
3,630,478
3,631,478
3,632,478
3,633,478
3,634,478
3,635,478
3,636,478
3,637,478
3,638,478
3,639,478
3,640,478
3,641,478
3,642,478
3,643,478
3,644,478
3,645,478
3,646,478
3,647,478
3,648,478
3,612,479
3,613,479
3,614,479
3,615,479
3,616,479
3,617,479
3,618,479
3,619,479
3,620,479
3,621,479
3,622,479
3,623,479
3,624,479
3,625,479
3,626,479
3,627,479
3,628,479
3,629,479
3,630,479
3,631,479
3,632,479
3,633,479
3,634,479
3,635,479
3,636,479
3,637,479
3,638,479
3,639,479
3,640,479
3,641,479
3,642,479
3,643,479
3,644,479
3,645,479
3,646,479
3,647,479
3,648,479
3,612,480
3,613,480
3,614,480
3,615,480
3,616,480
3,617,480
3,618,480
3,619,480
3,620,480
3,621,480
3,622,480
3,623,480
3,624,480
3,625,480
3,626,480
3,627,480
3,628,480
3,629,480
3,630,480
3,631,480
3,632,480
3,633,480
3,634,480
3,635,480
3,636,480
3,637,480
3,638,480
3,639,480
3,640,480
3,641,480
3,642,480
3,643,480
3,644,480
3,645,480
3,646,480
3,647,480
3,648,480
3,611,481
3,612,481
3,613,481
3,614,481
3,615,481
3,616,481
3,617,481
3,618,481
3,619,481
3,620,481
3,621,481
3,622,481
3,623,481
3,624,481
3,625,481
3,626,481
3,627,481
3,628,481
3,629,481
3,630,481
3,631,481
3,632,481
3,633,481
3,634,481
3,635,481
3,636,481
3,637,481
3,638,481
3,639,481
3,640,481
3,641,481
3,642,481
3,643,481
3,644,481
3,645,481
3,646,481
3,647,481
3,648,481
3,649,481
3,612,482
3,613,482
3,614,482
3,615,482
3,616,482
3,617,482
3,618,482
3,619,482
3,620,482
3,621,482
3,622,482
3,623,482
3,624,482
3,625,482
3,626,482
3,627,482
3,628,482
3,629,482
3,630,482
3,631,482
3,632,482
3,633,482
3,634,482
3,635,482
3,636,482
3,637,482
3,638,482
3,639,482
3,640,482
3,641,482
3,642,482
3,643,482
3,644,482
3,645,482
3,646,482
3,647,482
3,648,482
3,612,483
3,613,483
3,614,483
3,615,483
3,616,483
3,617,483
3,618,483
3,619,483
3,620,483
3,621,483
3,622,483
3,623,483
3,624,483
3,625,483
3,626,483
3,627,483
3,628,483
3,629,483
3,630,483
3,631,483
3,632,483
3,633,483
3,634,483
3,635,483
3,636,483
3,637,483
3,638,483
3,639,483
3,640,483
3,641,483
3,642,483
3,643,483
3,644,483
3,645,483
3,646,483
3,647,483
3,648,483
3,612,484
3,613,484
3,614,484
3,615,484
3,616,484
3,617,484
3,618,484
3,619,484
3,620,484
3,621,484
3,622,484
3,623,484
3,624,484
3,625,484
3,626,484
3,627,484
3,628,484
3,629,484
3,630,484
3,631,484
3,632,484
3,633,484
3,634,484
3,635,484
3,636,484
3,637,484
3,638,484
3,639,484
3,640,484
3,641,484
3,642,484
3,643,484
3,644,484
3,645,484
3,646,484
3,647,484
3,648,484
3,612,485
3,613,485
3,614,485
3,615,485
3,616,485
3,617,485
3,618,485
3,619,485
3,620,485
3,621,485
3,622,485
3,623,485
3,624,485
3,625,485
3,626,485
3,627,485
3,628,485
3,629,485
3,630,485
3,631,485
3,632,485
3,633,485
3,634,485
3,635,485
3,636,485
3,637,485
3,638,485
3,639,485
3,640,485
3,641,485
3,642,485
3,643,485
3,644,485
3,645,485
3,646,485
3,647,485
3,648,485
3,612,486
3,613,486
3,614,486
3,615,486
3,616,486
3,617,486
3,618,486
3,619,486
3,620,486
3,621,486
3,622,486
3,623,486
3,624,486
3,625,486
3,626,486
3,627,486
3,628,486
3,629,486
3,630,486
3,631,486
3,632,486
3,633,486
3,634,486
3,635,486
3,636,486
3,637,486
3,638,486
3,639,486
3,640,486
3,641,486
3,642,486
3,643,486
3,644,486
3,645,486
3,646,486
3,647,486
3,648,486
3,612,487
3,613,487
3,614,487
3,615,487
3,616,487
3,617,487
3,618,487
3,619,487
3,620,487
3,621,487
3,622,487
3,623,487
3,624,487
3,625,487
3,626,487
3,627,487
3,628,487
3,629,487
3,630,487
3,631,487
3,632,487
3,633,487
3,634,487
3,635,487
3,636,487
3,637,487
3,638,487
3,639,487
3,640,487
3,641,487
3,642,487
3,643,487
3,644,487
3,645,487
3,646,487
3,647,487
3,648,487
3,613,488
3,614,488
3,615,488
3,616,488
3,617,488
3,618,488
3,619,488
3,620,488
3,621,488
3,622,488
3,623,488
3,624,488
3,625,488
3,626,488
3,627,488
3,628,488
3,629,488
3,630,488
3,631,488
3,632,488
3,633,488
3,634,488
3,635,488
3,636,488
3,637,488
3,638,488
3,639,488
3,640,488
3,641,488
3,642,488
3,643,488
3,644,488
3,645,488
3,646,488
3,647,488
3,613,489
3,614,489
3,615,489
3,616,489
3,617,489
3,618,489
3,619,489
3,620,489
3,621,489
3,622,489
3,623,489
3,624,489
3,625,489
3,626,489
3,627,489
3,628,489
3,629,489
3,630,489
3,631,489
3,632,489
3,633,489
3,634,489
3,635,489
3,636,489
3,637,489
3,638,489
3,639,489
3,640,489
3,641,489
3,642,489
3,643,489
3,644,489
3,645,489
3,646,489
3,647,489
3,614,490
3,615,490
3,616,490
3,617,490
3,618,490
3,619,490
3,620,490
3,621,490
3,622,490
3,623,490
3,624,490
3,625,490
3,626,490
3,627,490
3,628,490
3,629,490
3,630,490
3,631,490
3,632,490
3,633,490
3,634,490
3,635,490
3,636,490
3,637,490
3,638,490
3,639,490
3,640,490
3,641,490
3,642,490
3,643,490
3,644,490
3,645,490
3,646,490
3,614,491
3,615,491
3,616,491
3,617,491
3,618,491
3,619,491
3,620,491
3,621,491
3,622,491
3,623,491
3,624,491
3,625,491
3,626,491
3,627,491
3,628,491
3,629,491
3,630,491
3,631,491
3,632,491
3,633,491
3,634,491
3,635,491
3,636,491
3,637,491
3,638,491
3,639,491
3,640,491
3,641,491
3,642,491
3,643,491
3,644,491
3,645,491
3,646,491
3,615,492
3,616,492
3,617,492
3,618,492
3,619,492
3,620,492
3,621,492
3,622,492
3,623,492
3,624,492
3,625,492
3,626,492
3,627,492
3,628,492
3,629,492
3,630,492
3,631,492
3,632,492
3,633,492
3,634,492
3,635,492
3,636,492
3,637,492
3,638,492
3,639,492
3,640,492
3,641,492
3,642,492
3,643,492
3,644,492
3,645,492
3,616,493
3,617,493
3,618,493
3,619,493
3,620,493
3,621,493
3,622,493
3,623,493
3,624,493
3,625,493
3,626,493
3,627,493
3,628,493
3,629,493
3,630,493
3,631,493
3,632,493
3,633,493
3,634,493
3,635,493
3,636,493
3,637,493
3,638,493
3,639,493
3,640,493
3,641,493
3,642,493
3,643,493
3,644,493
3,617,494
3,618,494
3,619,494
3,620,494
3,621,494
3,622,494
3,623,494
3,624,494
3,625,494
3,626,494
3,627,494
3,628,494
3,629,494
3,630,494
3,631,494
3,632,494
3,633,494
3,634,494
3,635,494
3,636,494
3,637,494
3,638,494
3,639,494
3,640,494
3,641,494
3,642,494
3,643,494
3,618,495
3,619,495
3,620,495
3,621,495
3,622,495
3,623,495
3,624,495
3,625,495
3,626,495
3,627,495
3,628,495
3,629,495
3,630,495
3,631,495
3,632,495
3,633,495
3,634,495
3,635,495
3,636,495
3,637,495
3,638,495
3,639,495
3,640,495
3,641,495
3,642,495
3,619,496
3,620,496
3,621,496
3,622,496
3,623,496
3,624,496
3,625,496
3,626,496
3,627,496
3,628,496
3,629,496
3,630,496
3,631,496
3,632,496
3,633,496
3,634,496
3,635,496
3,636,496
3,637,496
3,638,496
3,639,496
3,640,496
3,641,496
3,620,497
3,621,497
3,622,497
3,623,497
3,624,497
3,625,497
3,626,497
3,627,497
3,628,497
3,629,497
3,630,497
3,631,497
3,632,497
3,633,497
3,634,497
3,635,497
3,636,497
3,637,497
3,638,497
3,639,497
3,640,497
3,622,498
3,623,498
3,624,498
3,625,498
3,626,498
3,627,498
3,628,498
3,629,498
3,630,498
3,631,498
3,632,498
3,633,498
3,634,498
3,635,498
3,636,498
3,637,498
3,638,498
3,624,499
3,625,499
3,626,499
3,627,499
3,628,499
3,629,499
3,630,499
3,631,499
3,632,499
3,633,499
3,634,499
3,635,499
3,636,499
3,630,500
4,392,119
4,387,120
4,388,120
4,389,120
4,390,120
4,391,120
4,392,120
4,393,120
4,394,120
4,395,120
4,396,120
4,397,120
4,384,121
4,385,121
4,386,121
4,387,121
4,388,121
4,389,121
4,390,121
4,391,121
4,392,121
4,393,121
4,394,121
4,395,121
4,396,121
4,397,121
4,398,121
4,399,121
4,400,121
4,383,122
4,384,122
4,385,122
4,386,122
4,387,122
4,388,122
4,389,122
4,390,122
4,391,122
4,392,122
4,393,122
4,394,122
4,395,122
4,396,122
4,397,122
4,398,122
4,399,122
4,400,122
4,401,122
4,381,123
4,382,123
4,383,123
4,384,123
4,385,123
4,386,123
4,387,123
4,388,123
4,389,123
4,390,123
4,391,123
4,392,123
4,393,123
4,394,123
4,395,123
4,396,123
4,397,123
4,398,123
4,399,123
4,400,123
4,401,123
4,402,123
4,403,123
4,380,124
4,381,124
4,382,124
4,383,124
4,384,124
4,385,124
4,386,124
4,387,124
4,388,124
4,389,124
4,390,124
4,391,124
4,392,124
4,393,124
4,394,124
4,395,124
4,396,124
4,397,124
4,398,124
4,399,124
4,400,124
4,401,124
4,402,124
4,403,124
4,404,124
4,379,125
4,380,125
4,381,125
4,382,125
4,383,125
4,384,125
4,385,125
4,386,125
4,387,125
4,388,125
4,389,125
4,390,125
4,391,125
4,392,125
4,393,125
4,394,125
4,395,125
4,396,125
4,397,125
4,398,125
4,399,125
4,400,125
4,401,125
4,402,125
4,403,125
4,404,125
4,405,125
4,378,126
4,379,126
4,380,126
4,381,126
4,382,126
4,383,126
4,384,126
4,385,126
4,386,126
4,387,126
4,388,126
4,389,126
4,390,126
4,391,126
4,392,126
4,393,126
4,394,126
4,395,126
4,396,126
4,397,126
4,398,126
4,399,126
4,400,126
4,401,126
4,402,126
4,403,126
4,404,126
4,405,126
4,406,126
4,378,127
4,379,127
4,380,127
4,381,127
4,382,127
4,383,127
4,384,127
4,385,127
4,386,127
4,387,127
4,388,127
4,389,127
4,390,127
4,391,127
4,392,127
4,393,127
4,394,127
4,395,127
4,396,127
4,397,127
4,398,127
4,399,127
4,400,127
4,401,127
4,402,127
4,403,127
4,404,127
4,405,127
4,406,127
4,377,128
4,378,128
4,379,128
4,380,128
4,381,128
4,382,128
4,383,128
4,384,128
4,385,128
4,386,128
4,387,128
4,388,128
4,389,128
4,390,128
4,391,128
4,392,128
4,393,128
4,394,128
4,395,128
4,396,128
4,397,128
4,398,128
4,399,128
4,400,128
4,401,128
4,402,128
4,403,128
4,404,128
4,405,128
4,406,128
4,407,128
4,376,129
4,377,129
4,378,129
4,379,129
4,380,129
4,381,129
4,382,129
4,383,129
4,384,129
4,385,129
4,386,129
4,387,129
4,388,129
4,389,129
4,390,129
4,391,129
4,392,129
4,393,129
4,394,129
4,395,129
4,396,129
4,397,129
4,398,129
4,399,129
4,400,129
4,401,129
4,402,129
4,403,129
4,404,129
4,405,129
4,406,129
4,407,129
4,408,129
4,376,130
4,377,130
4,378,130
4,379,130
4,380,130
4,381,130
4,382,130
4,383,130
4,384,130
4,385,130
4,386,130
4,387,130
4,388,130
4,389,130
4,390,130
4,391,130
4,392,130
4,393,130
4,394,130
4,395,130
4,396,130
4,397,130
4,398,130
4,399,130
4,400,130
4,401,130
4,402,130
4,403,130
4,404,130
4,405,130
4,406,130
4,407,130
4,408,130
4,376,131
4,377,131
4,378,131
4,379,131
4,380,131
4,381,131
4,382,131
4,383,131
4,384,131
4,385,131
4,386,131
4,387,131
4,388,131
4,389,131
4,390,131
4,391,131
4,392,131
4,393,131
4,394,131
4,395,131
4,396,131
4,397,131
4,398,131
4,399,131
4,400,131
4,401,131
4,402,131
4,403,131
4,404,131
4,405,131
4,406,131
4,407,131
4,408,131
4,375,132
4,376,132
4,377,132
4,378,132
4,379,132
4,380,132
4,381,132
4,382,132
4,383,132
4,384,132
4,385,132
4,386,132
4,387,132
4,388,132
4,389,132
4,390,132
4,391,132
4,392,132
4,393,132
4,394,132
4,395,132
4,396,132
4,397,132
4,398,132
4,399,132
4,400,132
4,401,132
4,402,132
4,403,132
4,404,132
4,405,132
4,406,132
4,407,132
4,408,132
4,409,132
4,375,133
4,376,133
4,377,133
4,378,133
4,379,133
4,380,133
4,381,133
4,382,133
4,383,133
4,384,133
4,385,133
4,386,133
4,387,133
4,388,133
4,389,133
4,390,133
4,391,133
4,392,133
4,393,133
4,394,133
4,395,133
4,396,133
4,397,133
4,398,133
4,399,133
4,400,133
4,401,133
4,402,133
4,403,133
4,404,133
4,405,133
4,406,133
4,407,133
4,408,133
4,409,133
4,375,134
4,376,134
4,377,134
4,378,134
4,379,134
4,380,134
4,381,134
4,382,134
4,383,134
4,384,134
4,385,134
4,386,134
4,387,134
4,388,134
4,389,134
4,390,134
4,391,134
4,392,134
4,393,134
4,394,134
4,395,134
4,396,134
4,397,134
4,398,134
4,399,134
4,400,134
4,401,134
4,402,134
4,403,134
4,404,134
4,405,134
4,406,134
4,407,134
4,408,134
4,409,134
4,375,135
4,376,135
4,377,135
4,378,135
4,379,135
4,380,135
4,381,135
4,382,135
4,383,135
4,384,135
4,385,135
4,386,135
4,387,135
4,388,135
4,389,135
4,390,135
4,391,135
4,392,135
4,393,135
4,394,135
4,395,135
4,396,135
4,397,135
4,398,135
4,399,135
4,400,135
4,401,135
4,402,135
4,403,135
4,404,135
4,405,135
4,406,135
4,407,135
4,408,135
4,409,135
4,375,136
4,376,136
4,377,136
4,378,136
4,379,136
4,380,136
4,381,136
4,382,136
4,383,136
4,384,136
4,385,136
4,386,136
4,387,136
4,388,136
4,389,136
4,390,136
4,391,136
4,392,136
4,393,136
4,394,136
4,395,136
4,396,136
4,397,136
4,398,136
4,399,136
4,400,136
4,401,136
4,402,136
4,403,136
4,404,136
4,405,136
4,406,136
4,407,136
4,408,136
4,409,136
4,374,137
4,375,137
4,376,137
4,377,137
4,378,137
4,379,137
4,380,137
4,381,137
4,382,137
4,383,137
4,384,137
4,385,137
4,386,137
4,387,137
4,388,137
4,389,137
4,390,137
4,391,137
4,392,137
4,393,137
4,394,137
4,395,137
4,396,137
4,397,137
4,398,137
4,399,137
4,400,137
4,401,137
4,402,137
4,403,137
4,404,137
4,405,137
4,406,137
4,407,137
4,408,137
4,409,137
4,410,137
4,375,138
4,376,138
4,377,138
4,378,138
4,379,138
4,380,138
4,381,138
4,382,138
4,383,138
4,384,138
4,385,138
4,386,138
4,387,138
4,388,138
4,389,138
4,390,138
4,391,138
4,392,138
4,393,138
4,394,138
4,395,138
4,396,138
4,397,138
4,398,138
4,399,138
4,400,138
4,401,138
4,402,138
4,403,138
4,404,138
4,405,138
4,406,138
4,407,138
4,408,138
4,409,138
4,375,139
4,376,139
4,377,139
4,378,139
4,379,139
4,380,139
4,381,139
4,382,139
4,383,139
4,384,139
4,385,139
4,386,139
4,387,139
4,388,139
4,389,139
4,390,139
4,391,139
4,392,139
4,393,139
4,394,139
4,395,139
4,396,139
4,397,139
4,398,139
4,399,139
4,400,139
4,401,139
4,402,139
4,403,139
4,404,139
4,405,139
4,406,139
4,407,139
4,408,139
4,409,139
4,375,140
4,376,140
4,377,140
4,378,140
4,379,140
4,380,140
4,381,140
4,382,140
4,383,140
4,384,140
4,385,140
4,386,140
4,387,140
4,388,140
4,389,140
4,390,140
4,391,140
4,392,140
4,393,140
4,394,140
4,395,140
4,396,140
4,397,140
4,398,140
4,399,140
4,400,140
4,401,140
4,402,140
4,403,140
4,404,140
4,405,140
4,406,140
4,407,140
4,408,140
4,409,140
4,375,141
4,376,141
4,377,141
4,378,141
4,379,141
4,380,141
4,381,141
4,382,141
4,383,141
4,384,141
4,385,141
4,386,141
4,387,141
4,388,141
4,389,141
4,390,141
4,391,141
4,392,141
4,393,141
4,394,141
4,395,141
4,396,141
4,397,141
4,398,141
4,399,141
4,400,141
4,401,141
4,402,141
4,403,141
4,404,141
4,405,141
4,406,141
4,407,141
4,408,141
4,409,141
4,375,142
4,376,142
4,377,142
4,378,142
4,379,142
4,380,142
4,381,142
4,382,142
4,383,142
4,384,142
4,385,142
4,386,142
4,387,142
4,388,142
4,389,142
4,390,142
4,391,142
4,392,142
4,393,142
4,394,142
4,395,142
4,396,142
4,397,142
4,398,142
4,399,142
4,400,142
4,401,142
4,402,142
4,403,142
4,404,142
4,405,142
4,406,142
4,407,142
4,408,142
4,409,142
4,376,143
4,377,143
4,378,143
4,379,143
4,380,143
4,381,143
4,382,143
4,383,143
4,384,143
4,385,143
4,386,143
4,387,143
4,388,143
4,389,143
4,390,143
4,391,143
4,392,143
4,393,143
4,394,143
4,395,143
4,396,143
4,397,143
4,398,143
4,399,143
4,400,143
4,401,143
4,402,143
4,403,143
4,404,143
4,405,143
4,406,143
4,407,143
4,408,143
4,376,144
4,377,144
4,378,144
4,379,144
4,380,144
4,381,144
4,382,144
4,383,144
4,384,144
4,385,144
4,386,144
4,387,144
4,388,144
4,389,144
4,390,144
4,391,144
4,392,144
4,393,144
4,394,144
4,395,144
4,396,144
4,397,144
4,398,144
4,399,144
4,400,144
4,401,144
4,402,144
4,403,144
4,404,144
4,405,144
4,406,144
4,407,144
4,408,144
4,376,145
4,377,145
4,378,145
4,379,145
4,380,145
4,381,145
4,382,145
4,383,145
4,384,145
4,385,145
4,386,145
4,387,145
4,388,145
4,389,145
4,390,145
4,391,145
4,392,145
4,393,145
4,394,145
4,395,145
4,396,145
4,397,145
4,398,145
4,399,145
4,400,145
4,401,145
4,402,145
4,403,145
4,404,145
4,405,145
4,406,145
4,407,145
4,408,145
4,377,146
4,378,146
4,379,146
4,380,146
4,381,146
4,382,146
4,383,146
4,384,146
4,385,146
4,386,146
4,387,146
4,388,146
4,389,146
4,390,146
4,391,146
4,392,146
4,393,146
4,394,146
4,395,146
4,396,146
4,397,146
4,398,146
4,399,146
4,400,146
4,401,146
4,402,146
4,403,146
4,404,146
4,405,146
4,406,146
4,407,146
4,378,147
4,379,147
4,380,147
4,381,147
4,382,147
4,383,147
4,384,147
4,385,147
4,386,147
4,387,147
4,388,147
4,389,147
4,390,147
4,391,147
4,392,147
4,393,147
4,394,147
4,395,147
4,396,147
4,397,147
4,398,147
4,399,147
4,400,147
4,401,147
4,402,147
4,403,147
4,404,147
4,405,147
4,406,147
4,378,148
4,379,148
4,380,148
4,381,148
4,382,148
4,383,148
4,384,148
4,385,148
4,386,148
4,387,148
4,388,148
4,389,148
4,390,148
4,391,148
4,392,148
4,393,148
4,394,148
4,395,148
4,396,148
4,397,148
4,398,148
4,399,148
4,400,148
4,401,148
4,402,148
4,403,148
4,404,148
4,405,148
4,406,148
4,379,149
4,380,149
4,381,149
4,382,149
4,383,149
4,384,149
4,385,149
4,386,149
4,387,149
4,388,149
4,389,149
4,390,149
4,391,149
4,392,149
4,393,149
4,394,149
4,395,149
4,396,149
4,397,149
4,398,149
4,399,149
4,400,149
4,401,149
4,402,149
4,403,149
4,404,149
4,405,149
4,380,150
4,381,150
4,382,150
4,383,150
4,384,150
4,385,150
4,386,150
4,387,150
4,388,150
4,389,150
4,390,150
4,391,150
4,392,150
4,393,150
4,394,150
4,395,150
4,396,150
4,397,150
4,398,150
4,399,150
4,400,150
4,401,150
4,402,150
4,403,150
4,404,150
4,381,151
4,382,151
4,383,151
4,384,151
4,385,151
4,386,151
4,387,151
4,388,151
4,389,151
4,390,151
4,391,151
4,392,151
4,393,151
4,394,151
4,395,151
4,396,151
4,397,151
4,398,151
4,399,151
4,400,151
4,401,151
4,402,151
4,403,151
4,383,152
4,384,152
4,385,152
4,386,152
4,387,152
4,388,152
4,389,152
4,390,152
4,391,152
4,392,152
4,393,152
4,394,152
4,395,152
4,396,152
4,397,152
4,398,152
4,399,152
4,400,152
4,401,152
4,384,153
4,385,153
4,386,153
4,387,153
4,388,153
4,389,153
4,390,153
4,391,153
4,392,153
4,393,153
4,394,153
4,395,153
4,396,153
4,397,153
4,398,153
4,399,153
4,400,153
4,387,154
4,388,154
4,389,154
4,390,154
4,391,154
4,392,154
4,393,154
4,394,154
4,395,154
4,396,154
4,397,154
4,392,155
5,290,116
5,285,117
5,286,117
5,287,117
5,288,117
5,289,117
5,290,117
5,291,117
5,292,117
5,293,117
5,294,117
5,295,117
5,282,118
5,283,118
5,284,118
5,285,118
5,286,118
5,287,118
5,288,118
5,289,118
5,290,118
5,291,118
5,292,118
5,293,118
5,294,118
5,295,118
5,296,118
5,297,118
5,298,118
5,281,119
5,282,119
5,283,119
5,284,119
5,285,119
5,286,119
5,287,119
5,288,119
5,289,119
5,290,119
5,291,119
5,292,119
5,293,119
5,294,119
5,295,119
5,296,119
5,297,119
5,298,119
5,299,119
5,279,120
5,280,120
5,281,120
5,282,120
5,283,120
5,284,120
5,285,120
5,286,120
5,287,120
5,288,120
5,289,120
5,290,120
5,291,120
5,292,120
5,293,120
5,294,120
5,295,120
5,296,120
5,297,120
5,298,120
5,299,120
5,300,120
5,301,120
5,278,121
5,279,121
5,280,121
5,281,121
5,282,121
5,283,121
5,284,121
5,285,121
5,286,121
5,287,121
5,288,121
5,289,121
5,290,121
5,291,121
5,292,121
5,293,121
5,294,121
5,295,121
5,296,121
5,297,121
5,298,121
5,299,121
5,300,121
5,301,121
5,302,121
5,277,122
5,278,122
5,279,122
5,280,122
5,281,122
5,282,122
5,283,122
5,284,122
5,285,122
5,286,122
5,287,122
5,288,122
5,289,122
5,290,122
5,291,122
5,292,122
5,293,122
5,294,122
5,295,122
5,296,122
5,297,122
5,298,122
5,299,122
5,300,122
5,301,122
5,302,122
5,303,122
5,276,123
5,277,123
5,278,123
5,279,123
5,280,123
5,281,123
5,282,123
5,283,123
5,284,123
5,285,123
5,286,123
5,287,123
5,288,123
5,289,123
5,290,123
5,291,123
5,292,123
5,293,123
5,294,123
5,295,123
5,296,123
5,297,123
5,298,123
5,299,123
5,300,123
5,301,123
5,302,123
5,303,123
5,304,123
5,276,124
5,277,124
5,278,124
5,279,124
5,280,124
5,281,124
5,282,124
5,283,124
5,284,124
5,285,124
5,286,124
5,287,124
5,288,124
5,289,124
5,290,124
5,291,124
5,292,124
5,293,124
5,294,124
5,295,124
5,296,124
5,297,124
5,298,124
5,299,124
5,300,124
5,301,124
5,302,124
5,303,124
5,304,124
5,275,125
5,276,125
5,277,125
5,278,125
5,279,125
5,280,125
5,281,125
5,282,125
5,283,125
5,284,125
5,285,125
5,286,125
5,287,125
5,288,125
5,289,125
5,290,125
5,291,125
5,292,125
5,293,125
5,294,125
5,295,125
5,296,125
5,297,125
5,298,125
5,299,125
5,300,125
5,301,125
5,302,125
5,303,125
5,304,125
5,305,125
5,274,126
5,275,126
5,276,126
5,277,126
5,278,126
5,279,126
5,280,126
5,281,126
5,282,126
5,283,126
5,284,126
5,285,126
5,286,126
5,287,126
5,288,126
5,289,126
5,290,126
5,291,126
5,292,126
5,293,126
5,294,126
5,295,126
5,296,126
5,297,126
5,298,126
5,299,126
5,300,126
5,301,126
5,302,126
5,303,126
5,304,126
5,305,126
5,306,126
5,274,127
5,275,127
5,276,127
5,277,127
5,278,127
5,279,127
5,280,127
5,281,127
5,282,127
5,283,127
5,284,127
5,285,127
5,286,127
5,287,127
5,288,127
5,289,127
5,290,127
5,291,127
5,292,127
5,293,127
5,294,127
5,295,127
5,296,127
5,297,127
5,298,127
5,299,127
5,300,127
5,301,127
5,302,127
5,303,127
5,304,127
5,305,127
5,306,127
5,274,128
5,275,128
5,276,128
5,277,128
5,278,128
5,279,128
5,280,128
5,281,128
5,282,128
5,283,128
5,284,128
5,285,128
5,286,128
5,287,128
5,288,128
5,289,128
5,290,128
5,291,128
5,292,128
5,293,128
5,294,128
5,295,128
5,296,128
5,297,128
5,298,128
5,299,128
5,300,128
5,301,128
5,302,128
5,303,128
5,304,128
5,305,128
5,306,128
5,273,129
5,274,129
5,275,129
5,276,129
5,277,129
5,278,129
5,279,129
5,280,129
5,281,129
5,282,129
5,283,129
5,284,129
5,285,129
5,286,129
5,287,129
5,288,129
5,289,129
5,290,129
5,291,129
5,292,129
5,293,129
5,294,129
5,295,129
5,296,129
5,297,129
5,298,129
5,299,129
5,300,129
5,301,129
5,302,129
5,303,129
5,304,129
5,305,129
5,306,129
5,307,129
5,273,130
5,274,130
5,275,130
5,276,130
5,277,130
5,278,130
5,279,130
5,280,130
5,281,130
5,282,130
5,283,130
5,284,130
5,285,130
5,286,130
5,287,130
5,288,130
5,289,130
5,290,130
5,291,130
5,292,130
5,293,130
5,294,130
5,295,130
5,296,130
5,297,130
5,298,130
5,299,130
5,300,130
5,301,130
5,302,130
5,303,130
5,304,130
5,305,130
5,306,130
5,307,130
5,273,131
5,274,131
5,275,131
5,276,131
5,277,131
5,278,131
5,279,131
5,280,131
5,281,131
5,282,131
5,283,131
5,284,131
5,285,131
5,286,131
5,287,131
5,288,131
5,289,131
5,290,131
5,291,131
5,292,131
5,293,131
5,294,131
5,295,131
5,296,131
5,297,131
5,298,131
5,299,131
5,300,131
5,301,131
5,302,131
5,303,131
5,304,131
5,305,131
5,306,131
5,307,131
5,273,132
5,274,132
5,275,132
5,276,132
5,277,132
5,278,132
5,279,132
5,280,132
5,281,132
5,282,132
5,283,132
5,284,132
5,285,132
5,286,132
5,287,132
5,288,132
5,289,132
5,290,132
5,291,132
5,292,132
5,293,132
5,294,132
5,295,132
5,296,132
5,297,132
5,298,132
5,299,132
5,300,132
5,301,132
5,302,132
5,303,132
5,304,132
5,305,132
5,306,132
5,307,132
5,273,133
5,274,133
5,275,133
5,276,133
5,277,133
5,278,133
5,279,133
5,280,133
5,281,133
5,282,133
5,283,133
5,284,133
5,285,133
5,286,133
5,287,133
5,288,133
5,289,133
5,290,133
5,291,133
5,292,133
5,293,133
5,294,133
5,295,133
5,296,133
5,297,133
5,298,133
5,299,133
5,300,133
5,301,133
5,302,133
5,303,133
5,304,133
5,305,133
5,306,133
5,307,133
5,272,134
5,273,134
5,274,134
5,275,134
5,276,134
5,277,134
5,278,134
5,279,134
5,280,134
5,281,134
5,282,134
5,283,134
5,284,134
5,285,134
5,286,134
5,287,134
5,288,134
5,289,134
5,290,134
5,291,134
5,292,134
5,293,134
5,294,134
5,295,134
5,296,134
5,297,134
5,298,134
5,299,134
5,300,134
5,301,134
5,302,134
5,303,134
5,304,134
5,305,134
5,306,134
5,307,134
5,308,134
5,273,135
5,274,135
5,275,135
5,276,135
5,277,135
5,278,135
5,279,135
5,280,135
5,281,135
5,282,135
5,283,135
5,284,135
5,285,135
5,286,135
5,287,135
5,288,135
5,289,135
5,290,135
5,291,135
5,292,135
5,293,135
5,294,135
5,295,135
5,296,135
5,297,135
5,298,135
5,299,135
5,300,135
5,301,135
5,302,135
5,303,135
5,304,135
5,305,135
5,306,135
5,307,135
5,273,136
5,274,136
5,275,136
5,276,136
5,277,136
5,278,136
5,279,136
5,280,136
5,281,136
5,282,136
5,283,136
5,284,136
5,285,136
5,286,136
5,287,136
5,288,136
5,289,136
5,290,136
5,291,136
5,292,136
5,293,136
5,294,136
5,295,136
5,296,136
5,297,136
5,298,136
5,299,136
5,300,136
5,301,136
5,302,136
5,303,136
5,304,136
5,305,136
5,306,136
5,307,136
5,273,137
5,274,137
5,275,137
5,276,137
5,277,137
5,278,137
5,279,137
5,280,137
5,281,137
5,282,137
5,283,137
5,284,137
5,285,137
5,286,137
5,287,137
5,288,137
5,289,137
5,290,137
5,291,137
5,292,137
5,293,137
5,294,137
5,295,137
5,296,137
5,297,137
5,298,137
5,299,137
5,300,137
5,301,137
5,302,137
5,303,137
5,304,137
5,305,137
5,306,137
5,307,137
5,273,138
5,274,138
5,275,138
5,276,138
5,277,138
5,278,138
5,279,138
5,280,138
5,281,138
5,282,138
5,283,138
5,284,138
5,285,138
5,286,138
5,287,138
5,288,138
5,289,138
5,290,138
5,291,138
5,292,138
5,293,138
5,294,138
5,295,138
5,296,138
5,297,138
5,298,138
5,299,138
5,300,138
5,301,138
5,302,138
5,303,138
5,304,138
5,305,138
5,306,138
5,307,138
5,273,139
5,274,139
5,275,139
5,276,139
5,277,139
5,278,139
5,279,139
5,280,139
5,281,139
5,282,139
5,283,139
5,284,139
5,285,139
5,286,139
5,287,139
5,288,139
5,289,139
5,290,139
5,291,139
5,292,139
5,293,139
5,294,139
5,295,139
5,296,139
5,297,139
5,298,139
5,299,139
5,300,139
5,301,139
5,302,139
5,303,139
5,304,139
5,305,139
5,306,139
5,307,139
5,274,140
5,275,140
5,276,140
5,277,140
5,278,140
5,279,140
5,280,140
5,281,140
5,282,140
5,283,140
5,284,140
5,285,140
5,286,140
5,287,140
5,288,140
5,289,140
5,290,140
5,291,140
5,292,140
5,293,140
5,294,140
5,295,140
5,296,140
5,297,140
5,298,140
5,299,140
5,300,140
5,301,140
5,302,140
5,303,140
5,304,140
5,305,140
5,306,140
5,274,141
5,275,141
5,276,141
5,277,141
5,278,141
5,279,141
5,280,141
5,281,141
5,282,141
5,283,141
5,284,141
5,285,141
5,286,141
5,287,141
5,288,141
5,289,141
5,290,141
5,291,141
5,292,141
5,293,141
5,294,141
5,295,141
5,296,141
5,297,141
5,298,141
5,299,141
5,300,141
5,301,141
5,302,141
5,303,141
5,304,141
5,305,141
5,306,141
5,274,142
5,275,142
5,276,142
5,277,142
5,278,142
5,279,142
5,280,142
5,281,142
5,282,142
5,283,142
5,284,142
5,285,142
5,286,142
5,287,142
5,288,142
5,289,142
5,290,142
5,291,142
5,292,142
5,293,142
5,294,142
5,295,142
5,296,142
5,297,142
5,298,142
5,299,142
5,300,142
5,301,142
5,302,142
5,303,142
5,304,142
5,305,142
5,306,142
5,275,143
5,276,143
5,277,143
5,278,143
5,279,143
5,280,143
5,281,143
5,282,143
5,283,143
5,284,143
5,285,143
5,286,143
5,287,143
5,288,143
5,289,143
5,290,143
5,291,143
5,292,143
5,293,143
5,294,143
5,295,143
5,296,143
5,297,143
5,298,143
5,299,143
5,300,143
5,301,143
5,302,143
5,303,143
5,304,143
5,305,143
5,276,144
5,277,144
5,278,144
5,279,144
5,280,144
5,281,144
5,282,144
5,283,144
5,284,144
5,285,144
5,286,144
5,287,144
5,288,144
5,289,144
5,290,144
5,291,144
5,292,144
5,293,144
5,294,144
5,295,144
5,296,144
5,297,144
5,298,144
5,299,144
5,300,144
5,301,144
5,302,144
5,303,144
5,304,144
5,276,145
5,277,145
5,278,145
5,279,145
5,280,145
5,281,145
5,282,145
5,283,145
5,284,145
5,285,145
5,286,145
5,287,145
5,288,145
5,289,145
5,290,145
5,291,145
5,292,145
5,293,145
5,294,145
5,295,145
5,296,145
5,297,145
5,298,145
5,299,145
5,300,145
5,301,145
5,302,145
5,303,145
5,304,145
5,277,146
5,278,146
5,279,146
5,280,146
5,281,146
5,282,146
5,283,146
5,284,146
5,285,146
5,286,146
5,287,146
5,288,146
5,289,146
5,290,146
5,291,146
5,292,146
5,293,146
5,294,146
5,295,146
5,296,146
5,297,146
5,298,146
5,299,146
5,300,146
5,301,146
5,302,146
5,303,146
5,278,147
5,279,147
5,280,147
5,281,147
5,282,147
5,283,147
5,284,147
5,285,147
5,286,147
5,287,147
5,288,147
5,289,147
5,290,147
5,291,147
5,292,147
5,293,147
5,294,147
5,295,147
5,296,147
5,297,147
5,298,147
5,299,147
5,300,147
5,301,147
5,302,147
5,279,148
5,280,148
5,281,148
5,282,148
5,283,148
5,284,148
5,285,148
5,286,148
5,287,148
5,288,148
5,289,148
5,290,148
5,291,148
5,292,148
5,293,148
5,294,148
5,295,148
5,296,148
5,297,148
5,298,148
5,299,148
5,300,148
5,301,148
5,281,149
5,282,149
5,283,149
5,284,149
5,285,149
5,286,149
5,287,149
5,288,149
5,289,149
5,290,149
5,291,149
5,292,149
5,293,149
5,294,149
5,295,149
5,296,149
5,297,149
5,298,149
5,299,149
5,282,150
5,283,150
5,284,150
5,285,150
5,286,150
5,287,150
5,288,150
5,289,150
5,290,150
5,291,150
5,292,150
5,293,150
5,294,150
5,295,150
5,296,150
5,297,150
5,298,150
5,285,151
5,286,151
5,287,151
5,288,151
5,289,151
5,290,151
5,291,151
5,292,151
5,293,151
5,294,151
5,295,151
5,290,152
6,635,183
6,630,184
6,631,184
6,632,184
6,633,184
6,634,184
6,635,184
6,636,184
6,637,184
6,638,184
6,639,184
6,640,184
6,628,185
6,629,185
6,630,185
6,631,185
6,632,185
6,633,185
6,634,185
6,635,185
6,636,185
6,637,185
6,638,185
6,639,185
6,640,185
6,641,185
6,642,185
6,626,186
6,627,186
6,628,186
6,629,186
6,630,186
6,631,186
6,632,186
6,633,186
6,634,186
6,635,186
6,636,186
6,637,186
6,638,186
6,639,186
6,640,186
6,641,186
6,642,186
6,643,186
6,644,186
6,625,187
6,626,187
6,627,187
6,628,187
6,629,187
6,630,187
6,631,187
6,632,187
6,633,187
6,634,187
6,635,187
6,636,187
6,637,187
6,638,187
6,639,187
6,640,187
6,641,187
6,642,187
6,643,187
6,644,187
6,645,187
6,624,188
6,625,188
6,626,188
6,627,188
6,628,188
6,629,188
6,630,188
6,631,188
6,632,188
6,633,188
6,634,188
6,635,188
6,636,188
6,637,188
6,638,188
6,639,188
6,640,188
6,641,188
6,642,188
6,643,188
6,644,188
6,645,188
6,646,188
6,623,189
6,624,189
6,625,189
6,626,189
6,627,189
6,628,189
6,629,189
6,630,189
6,631,189
6,632,189
6,633,189
6,634,189
6,635,189
6,636,189
6,637,189
6,638,189
6,639,189
6,640,189
6,641,189
6,642,189
6,643,189
6,644,189
6,645,189
6,646,189
6,647,189
6,622,190
6,623,190
6,624,190
6,625,190
6,626,190
6,627,190
6,628,190
6,629,190
6,630,190
6,631,190
6,632,190
6,633,190
6,634,190
6,635,190
6,636,190
6,637,190
6,638,190
6,639,190
6,640,190
6,641,190
6,642,190
6,643,190
6,644,190
6,645,190
6,646,190
6,647,190
6,648,190
6,622,191
6,623,191
6,624,191
6,625,191
6,626,191
6,627,191
6,628,191
6,629,191
6,630,191
6,631,191
6,632,191
6,633,191
6,634,191
6,635,191
6,636,191
6,637,191
6,638,191
6,639,191
6,640,191
6,641,191
6,642,191
6,643,191
6,644,191
6,645,191
6,646,191
6,647,191
6,648,191
6,621,192
6,622,192
6,623,192
6,624,192
6,625,192
6,626,192
6,627,192
6,628,192
6,629,192
6,630,192
6,631,192
6,632,192
6,633,192
6,634,192
6,635,192
6,636,192
6,637,192
6,638,192
6,639,192
6,640,192
6,641,192
6,642,192
6,643,192
6,644,192
6,645,192
6,646,192
6,647,192
6,648,192
6,649,192
6,621,193
6,622,193
6,623,193
6,624,193
6,625,193
6,626,193
6,627,193
6,628,193
6,629,193
6,630,193
6,631,193
6,632,193
6,633,193
6,634,193
6,635,193
6,636,193
6,637,193
6,638,193
6,639,193
6,640,193
6,641,193
6,642,193
6,643,193
6,644,193
6,645,193
6,646,193
6,647,193
6,648,193
6,649,193
6,620,194
6,621,194
6,622,194
6,623,194
6,624,194
6,625,194
6,626,194
6,627,194
6,628,194
6,629,194
6,630,194
6,631,194
6,632,194
6,633,194
6,634,194
6,635,194
6,636,194
6,637,194
6,638,194
6,639,194
6,640,194
6,641,194
6,642,194
6,643,194
6,644,194
6,645,194
6,646,194
6,647,194
6,648,194
6,649,194
6,650,194
6,620,195
6,621,195
6,622,195
6,623,195
6,624,195
6,625,195
6,626,195
6,627,195
6,628,195
6,629,195
6,630,195
6,631,195
6,632,195
6,633,195
6,634,195
6,635,195
6,636,195
6,637,195
6,638,195
6,639,195
6,640,195
6,641,195
6,642,195
6,643,195
6,644,195
6,645,195
6,646,195
6,647,195
6,648,195
6,649,195
6,650,195
6,620,196
6,621,196
6,622,196
6,623,196
6,624,196
6,625,196
6,626,196
6,627,196
6,628,196
6,629,196
6,630,196
6,631,196
6,632,196
6,633,196
6,634,196
6,635,196
6,636,196
6,637,196
6,638,196
6,639,196
6,640,196
6,641,196
6,642,196
6,643,196
6,644,196
6,645,196
6,646,196
6,647,196
6,648,196
6,649,196
6,650,196
6,620,197
6,621,197
6,622,197
6,623,197
6,624,197
6,625,197
6,626,197
6,627,197
6,628,197
6,629,197
6,630,197
6,631,197
6,632,197
6,633,197
6,634,197
6,635,197
6,636,197
6,637,197
6,638,197
6,639,197
6,640,197
6,641,197
6,642,197
6,643,197
6,644,197
6,645,197
6,646,197
6,647,197
6,648,197
6,649,197
6,650,197
6,620,198
6,621,198
6,622,198
6,623,198
6,624,198
6,625,198
6,626,198
6,627,198
6,628,198
6,629,198
6,630,198
6,631,198
6,632,198
6,633,198
6,634,198
6,635,198
6,636,198
6,637,198
6,638,198
6,639,198
6,640,198
6,641,198
6,642,198
6,643,198
6,644,198
6,645,198
6,646,198
6,647,198
6,648,198
6,649,198
6,650,198
6,619,199
6,620,199
6,621,199
6,622,199
6,623,199
6,624,199
6,625,199
6,626,199
6,627,199
6,628,199
6,629,199
6,630,199
6,631,199
6,632,199
6,633,199
6,634,199
6,635,199
6,636,199
6,637,199
6,638,199
6,639,199
6,640,199
6,641,199
6,642,199
6,643,199
6,644,199
6,645,199
6,646,199
6,647,199
6,648,199
6,649,199
6,650,199
6,651,199
6,620,200
6,621,200
6,622,200
6,623,200
6,624,200
6,625,200
6,626,200
6,627,200
6,628,200
6,629,200
6,630,200
6,631,200
6,632,200
6,633,200
6,634,200
6,635,200
6,636,200
6,637,200
6,638,200
6,639,200
6,640,200
6,641,200
6,642,200
6,643,200
6,644,200
6,645,200
6,646,200
6,647,200
6,648,200
6,649,200
6,650,200
6,620,201
6,621,201
6,622,201
6,623,201
6,624,201
6,625,201
6,626,201
6,627,201
6,628,201
6,629,201
6,630,201
6,631,201
6,632,201
6,633,201
6,634,201
6,635,201
6,636,201
6,637,201
6,638,201
6,639,201
6,640,201
6,641,201
6,642,201
6,643,201
6,644,201
6,645,201
6,646,201
6,647,201
6,648,201
6,649,201
6,650,201
6,620,202
6,621,202
6,622,202
6,623,202
6,624,202
6,625,202
6,626,202
6,627,202
6,628,202
6,629,202
6,630,202
6,631,202
6,632,202
6,633,202
6,634,202
6,635,202
6,636,202
6,637,202
6,638,202
6,639,202
6,640,202
6,641,202
6,642,202
6,643,202
6,644,202
6,645,202
6,646,202
6,647,202
6,648,202
6,649,202
6,650,202
6,620,203
6,621,203
6,622,203
6,623,203
6,624,203
6,625,203
6,626,203
6,627,203
6,628,203
6,629,203
6,630,203
6,631,203
6,632,203
6,633,203
6,634,203
6,635,203
6,636,203
6,637,203
6,638,203
6,639,203
6,640,203
6,641,203
6,642,203
6,643,203
6,644,203
6,645,203
6,646,203
6,647,203
6,648,203
6,649,203
6,650,203
6,620,204
6,621,204
6,622,204
6,623,204
6,624,204
6,625,204
6,626,204
6,627,204
6,628,204
6,629,204
6,630,204
6,631,204
6,632,204
6,633,204
6,634,204
6,635,204
6,636,204
6,637,204
6,638,204
6,639,204
6,640,204
6,641,204
6,642,204
6,643,204
6,644,204
6,645,204
6,646,204
6,647,204
6,648,204
6,649,204
6,650,204
6,621,205
6,622,205
6,623,205
6,624,205
6,625,205
6,626,205
6,627,205
6,628,205
6,629,205
6,630,205
6,631,205
6,632,205
6,633,205
6,634,205
6,635,205
6,636,205
6,637,205
6,638,205
6,639,205
6,640,205
6,641,205
6,642,205
6,643,205
6,644,205
6,645,205
6,646,205
6,647,205
6,648,205
6,649,205
6,621,206
6,622,206
6,623,206
6,624,206
6,625,206
6,626,206
6,627,206
6,628,206
6,629,206
6,630,206
6,631,206
6,632,206
6,633,206
6,634,206
6,635,206
6,636,206
6,637,206
6,638,206
6,639,206
6,640,206
6,641,206
6,642,206
6,643,206
6,644,206
6,645,206
6,646,206
6,647,206
6,648,206
6,649,206
6,622,207
6,623,207
6,624,207
6,625,207
6,626,207
6,627,207
6,628,207
6,629,207
6,630,207
6,631,207
6,632,207
6,633,207
6,634,207
6,635,207
6,636,207
6,637,207
6,638,207
6,639,207
6,640,207
6,641,207
6,642,207
6,643,207
6,644,207
6,645,207
6,646,207
6,647,207
6,648,207
6,622,208
6,623,208
6,624,208
6,625,208
6,626,208
6,627,208
6,628,208
6,629,208
6,630,208
6,631,208
6,632,208
6,633,208
6,634,208
6,635,208
6,636,208
6,637,208
6,638,208
6,639,208
6,640,208
6,641,208
6,642,208
6,643,208
6,644,208
6,645,208
6,646,208
6,647,208
6,648,208
6,623,209
6,624,209
6,625,209
6,626,209
6,627,209
6,628,209
6,629,209
6,630,209
6,631,209
6,632,209
6,633,209
6,634,209
6,635,209
6,636,209
6,637,209
6,638,209
6,639,209
6,640,209
6,641,209
6,642,209
6,643,209
6,644,209
6,645,209
6,646,209
6,647,209
6,624,210
6,625,210
6,626,210
6,627,210
6,628,210
6,629,210
6,630,210
6,631,210
6,632,210
6,633,210
6,634,210
6,635,210
6,636,210
6,637,210
6,638,210
6,639,210
6,640,210
6,641,210
6,642,210
6,643,210
6,644,210
6,645,210
6,646,210
6,625,211
6,626,211
6,627,211
6,628,211
6,629,211
6,630,211
6,631,211
6,632,211
6,633,211
6,634,211
6,635,211
6,636,211
6,637,211
6,638,211
6,639,211
6,640,211
6,641,211
6,642,211
6,643,211
6,644,211
6,645,211
6,626,212
6,627,212
6,628,212
6,629,212
6,630,212
6,631,212
6,632,212
6,633,212
6,634,212
6,635,212
6,636,212
6,637,212
6,638,212
6,639,212
6,640,212
6,641,212
6,642,212
6,643,212
6,644,212
6,628,213
6,629,213
6,630,213
6,631,213
6,632,213
6,633,213
6,634,213
6,635,213
6,636,213
6,637,213
6,638,213
6,639,213
6,640,213
6,641,213
6,642,213
6,630,214
6,631,214
6,632,214
6,633,214
6,634,214
6,635,214
6,636,214
6,637,214
6,638,214
6,639,214
6,640,214
6,635,215
7,82,134
7,77,135
7,78,135
7,79,135
7,80,135
7,81,135
7,82,135
7,83,135
7,84,135
7,85,135
7,86,135
7,87,135
7,75,136
7,76,136
7,77,136
7,78,136
7,79,136
7,80,136
7,81,136
7,82,136
7,83,136
7,84,136
7,85,136
7,86,136
7,87,136
7,88,136
7,89,136
7,74,137
7,75,137
7,76,137
7,77,137
7,78,137
7,79,137
7,80,137
7,81,137
7,82,137
7,83,137
7,84,137
7,85,137
7,86,137
7,87,137
7,88,137
7,89,137
7,90,137
7,73,138
7,74,138
7,75,138
7,76,138
7,77,138
7,78,138
7,79,138
7,80,138
7,81,138
7,82,138
7,83,138
7,84,138
7,85,138
7,86,138
7,87,138
7,88,138
7,89,138
7,90,138
7,91,138
7,72,139
7,73,139
7,74,139
7,75,139
7,76,139
7,77,139
7,78,139
7,79,139
7,80,139
7,81,139
7,82,139
7,83,139
7,84,139
7,85,139
7,86,139
7,87,139
7,88,139
7,89,139
7,90,139
7,91,139
7,92,139
7,71,140
7,72,140
7,73,140
7,74,140
7,75,140
7,76,140
7,77,140
7,78,140
7,79,140
7,80,140
7,81,140
7,82,140
7,83,140
7,84,140
7,85,140
7,86,140
7,87,140
7,88,140
7,89,140
7,90,140
7,91,140
7,92,140
7,93,140
7,70,141
7,71,141
7,72,141
7,73,141
7,74,141
7,75,141
7,76,141
7,77,141
7,78,141
7,79,141
7,80,141
7,81,141
7,82,141
7,83,141
7,84,141
7,85,141
7,86,141
7,87,141
7,88,141
7,89,141
7,90,141
7,91,141
7,92,141
7,93,141
7,94,141
7,70,142
7,71,142
7,72,142
7,73,142
7,74,142
7,75,142
7,76,142
7,77,142
7,78,142
7,79,142
7,80,142
7,81,142
7,82,142
7,83,142
7,84,142
7,85,142
7,86,142
7,87,142
7,88,142
7,89,142
7,90,142
7,91,142
7,92,142
7,93,142
7,94,142
7,69,143
7,70,143
7,71,143
7,72,143
7,73,143
7,74,143
7,75,143
7,76,143
7,77,143
7,78,143
7,79,143
7,80,143
7,81,143
7,82,143
7,83,143
7,84,143
7,85,143
7,86,143
7,87,143
7,88,143
7,89,143
7,90,143
7,91,143
7,92,143
7,93,143
7,94,143
7,95,143
7,69,144
7,70,144
7,71,144
7,72,144
7,73,144
7,74,144
7,75,144
7,76,144
7,77,144
7,78,144
7,79,144
7,80,144
7,81,144
7,82,144
7,83,144
7,84,144
7,85,144
7,86,144
7,87,144
7,88,144
7,89,144
7,90,144
7,91,144
7,92,144
7,93,144
7,94,144
7,95,144
7,69,145
7,70,145
7,71,145
7,72,145
7,73,145
7,74,145
7,75,145
7,76,145
7,77,145
7,78,145
7,79,145
7,80,145
7,81,145
7,82,145
7,83,145
7,84,145
7,85,145
7,86,145
7,87,145
7,88,145
7,89,145
7,90,145
7,91,145
7,92,145
7,93,145
7,94,145
7,95,145
7,69,146
7,70,146
7,71,146
7,72,146
7,73,146
7,74,146
7,75,146
7,76,146
7,77,146
7,78,146
7,79,146
7,80,146
7,81,146
7,82,146
7,83,146
7,84,146
7,85,146
7,86,146
7,87,146
7,88,146
7,89,146
7,90,146
7,91,146
7,92,146
7,93,146
7,94,146
7,95,146
7,69,147
7,70,147
7,71,147
7,72,147
7,73,147
7,74,147
7,75,147
7,76,147
7,77,147
7,78,147
7,79,147
7,80,147
7,81,147
7,82,147
7,83,147
7,84,147
7,85,147
7,86,147
7,87,147
7,88,147
7,89,147
7,90,147
7,91,147
7,92,147
7,93,147
7,94,147
7,95,147
7,68,148
7,69,148
7,70,148
7,71,148
7,72,148
7,73,148
7,74,148
7,75,148
7,76,148
7,77,148
7,78,148
7,79,148
7,80,148
7,81,148
7,82,148
7,83,148
7,84,148
7,85,148
7,86,148
7,87,148
7,88,148
7,89,148
7,90,148
7,91,148
7,92,148
7,93,148
7,94,148
7,95,148
7,96,148
7,69,149
7,70,149
7,71,149
7,72,149
7,73,149
7,74,149
7,75,149
7,76,149
7,77,149
7,78,149
7,79,149
7,80,149
7,81,149
7,82,149
7,83,149
7,84,149
7,85,149
7,86,149
7,87,149
7,88,149
7,89,149
7,90,149
7,91,149
7,92,149
7,93,149
7,94,149
7,95,149
7,69,150
7,70,150
7,71,150
7,72,150
7,73,150
7,74,150
7,75,150
7,76,150
7,77,150
7,78,150
7,79,150
7,80,150
7,81,150
7,82,150
7,83,150
7,84,150
7,85,150
7,86,150
7,87,150
7,88,150
7,89,150
7,90,150
7,91,150
7,92,150
7,93,150
7,94,150
7,95,150
7,69,151
7,70,151
7,71,151
7,72,151
7,73,151
7,74,151
7,75,151
7,76,151
7,77,151
7,78,151
7,79,151
7,80,151
7,81,151
7,82,151
7,83,151
7,84,151
7,85,151
7,86,151
7,87,151
7,88,151
7,89,151
7,90,151
7,91,151
7,92,151
7,93,151
7,94,151
7,95,151
7,69,152
7,70,152
7,71,152
7,72,152
7,73,152
7,74,152
7,75,152
7,76,152
7,77,152
7,78,152
7,79,152
7,80,152
7,81,152
7,82,152
7,83,152
7,84,152
7,85,152
7,86,152
7,87,152
7,88,152
7,89,152
7,90,152
7,91,152
7,92,152
7,93,152
7,94,152
7,95,152
7,69,153
7,70,153
7,71,153
7,72,153
7,73,153
7,74,153
7,75,153
7,76,153
7,77,153
7,78,153
7,79,153
7,80,153
7,81,153
7,82,153
7,83,153
7,84,153
7,85,153
7,86,153
7,87,153
7,88,153
7,89,153
7,90,153
7,91,153
7,92,153
7,93,153
7,94,153
7,95,153
7,70,154
7,71,154
7,72,154
7,73,154
7,74,154
7,75,154
7,76,154
7,77,154
7,78,154
7,79,154
7,80,154
7,81,154
7,82,154
7,83,154
7,84,154
7,85,154
7,86,154
7,87,154
7,88,154
7,89,154
7,90,154
7,91,154
7,92,154
7,93,154
7,94,154
7,70,155
7,71,155
7,72,155
7,73,155
7,74,155
7,75,155
7,76,155
7,77,155
7,78,155
7,79,155
7,80,155
7,81,155
7,82,155
7,83,155
7,84,155
7,85,155
7,86,155
7,87,155
7,88,155
7,89,155
7,90,155
7,91,155
7,92,155
7,93,155
7,94,155
7,71,156
7,72,156
7,73,156
7,74,156
7,75,156
7,76,156
7,77,156
7,78,156
7,79,156
7,80,156
7,81,156
7,82,156
7,83,156
7,84,156
7,85,156
7,86,156
7,87,156
7,88,156
7,89,156
7,90,156
7,91,156
7,92,156
7,93,156
7,72,157
7,73,157
7,74,157
7,75,157
7,76,157
7,77,157
7,78,157
7,79,157
7,80,157
7,81,157
7,82,157
7,83,157
7,84,157
7,85,157
7,86,157
7,87,157
7,88,157
7,89,157
7,90,157
7,91,157
7,92,157
7,73,158
7,74,158
7,75,158
7,76,158
7,77,158
7,78,158
7,79,158
7,80,158
7,81,158
7,82,158
7,83,158
7,84,158
7,85,158
7,86,158
7,87,158
7,88,158
7,89,158
7,90,158
7,91,158
7,74,159
7,75,159
7,76,159
7,77,159
7,78,159
7,79,159
7,80,159
7,81,159
7,82,159
7,83,159
7,84,159
7,85,159
7,86,159
7,87,159
7,88,159
7,89,159
7,90,159
7,75,160
7,76,160
7,77,160
7,78,160
7,79,160
7,80,160
7,81,160
7,82,160
7,83,160
7,84,160
7,85,160
7,86,160
7,87,160
7,88,160
7,89,160
7,77,161
7,78,161
7,79,161
7,80,161
7,81,161
7,82,161
7,83,161
7,84,161
7,85,161
7,86,161
7,87,161
7,82,162
8,45,469
8,41,470
8,42,470
8,43,470
8,44,470
8,45,470
8,46,470
8,47,470
8,48,470
8,49,470
8,39,471
8,40,471
8,41,471
8,42,471
8,43,471
8,44,471
8,45,471
8,46,471
8,47,471
8,48,471
8,49,471
8,50,471
8,51,471
8,38,472
8,39,472
8,40,472
8,41,472
8,42,472
8,43,472
8,44,472
8,45,472
8,46,472
8,47,472
8,48,472
8,49,472
8,50,472
8,51,472
8,52,472
8,37,473
8,38,473
8,39,473
8,40,473
8,41,473
8,42,473
8,43,473
8,44,473
8,45,473
8,46,473
8,47,473
8,48,473
8,49,473
8,50,473
8,51,473
8,52,473
8,53,473
8,36,474
8,37,474
8,38,474
8,39,474
8,40,474
8,41,474
8,42,474
8,43,474
8,44,474
8,45,474
8,46,474
8,47,474
8,48,474
8,49,474
8,50,474
8,51,474
8,52,474
8,53,474
8,54,474
8,35,475
8,36,475
8,37,475
8,38,475
8,39,475
8,40,475
8,41,475
8,42,475
8,43,475
8,44,475
8,45,475
8,46,475
8,47,475
8,48,475
8,49,475
8,50,475
8,51,475
8,52,475
8,53,475
8,54,475
8,55,475
8,35,476
8,36,476
8,37,476
8,38,476
8,39,476
8,40,476
8,41,476
8,42,476
8,43,476
8,44,476
8,45,476
8,46,476
8,47,476
8,48,476
8,49,476
8,50,476
8,51,476
8,52,476
8,53,476
8,54,476
8,55,476
8,34,477
8,35,477
8,36,477
8,37,477
8,38,477
8,39,477
8,40,477
8,41,477
8,42,477
8,43,477
8,44,477
8,45,477
8,46,477
8,47,477
8,48,477
8,49,477
8,50,477
8,51,477
8,52,477
8,53,477
8,54,477
8,55,477
8,56,477
8,34,478
8,35,478
8,36,478
8,37,478
8,38,478
8,39,478
8,40,478
8,41,478
8,42,478
8,43,478
8,44,478
8,45,478
8,46,478
8,47,478
8,48,478
8,49,478
8,50,478
8,51,478
8,52,478
8,53,478
8,54,478
8,55,478
8,56,478
8,34,479
8,35,479
8,36,479
8,37,479
8,38,479
8,39,479
8,40,479
8,41,479
8,42,479
8,43,479
8,44,479
8,45,479
8,46,479
8,47,479
8,48,479
8,49,479
8,50,479
8,51,479
8,52,479
8,53,479
8,54,479
8,55,479
8,56,479
8,34,480
8,35,480
8,36,480
8,37,480
8,38,480
8,39,480
8,40,480
8,41,480
8,42,480
8,43,480
8,44,480
8,45,480
8,46,480
8,47,480
8,48,480
8,49,480
8,50,480
8,51,480
8,52,480
8,53,480
8,54,480
8,55,480
8,56,480
8,33,481
8,34,481
8,35,481
8,36,481
8,37,481
8,38,481
8,39,481
8,40,481
8,41,481
8,42,481
8,43,481
8,44,481
8,45,481
8,46,481
8,47,481
8,48,481
8,49,481
8,50,481
8,51,481
8,52,481
8,53,481
8,54,481
8,55,481
8,56,481
8,57,481
8,34,482
8,35,482
8,36,482
8,37,482
8,38,482
8,39,482
8,40,482
8,41,482
8,42,482
8,43,482
8,44,482
8,45,482
8,46,482
8,47,482
8,48,482
8,49,482
8,50,482
8,51,482
8,52,482
8,53,482
8,54,482
8,55,482
8,56,482
8,34,483
8,35,483
8,36,483
8,37,483
8,38,483
8,39,483
8,40,483
8,41,483
8,42,483
8,43,483
8,44,483
8,45,483
8,46,483
8,47,483
8,48,483
8,49,483
8,50,483
8,51,483
8,52,483
8,53,483
8,54,483
8,55,483
8,56,483
8,34,484
8,35,484
8,36,484
8,37,484
8,38,484
8,39,484
8,40,484
8,41,484
8,42,484
8,43,484
8,44,484
8,45,484
8,46,484
8,47,484
8,48,484
8,49,484
8,50,484
8,51,484
8,52,484
8,53,484
8,54,484
8,55,484
8,56,484
8,34,485
8,35,485
8,36,485
8,37,485
8,38,485
8,39,485
8,40,485
8,41,485
8,42,485
8,43,485
8,44,485
8,45,485
8,46,485
8,47,485
8,48,485
8,49,485
8,50,485
8,51,485
8,52,485
8,53,485
8,54,485
8,55,485
8,56,485
8,35,486
8,36,486
8,37,486
8,38,486
8,39,486
8,40,486
8,41,486
8,42,486
8,43,486
8,44,486
8,45,486
8,46,486
8,47,486
8,48,486
8,49,486
8,50,486
8,51,486
8,52,486
8,53,486
8,54,486
8,55,486
8,35,487
8,36,487
8,37,487
8,38,487
8,39,487
8,40,487
8,41,487
8,42,487
8,43,487
8,44,487
8,45,487
8,46,487
8,47,487
8,48,487
8,49,487
8,50,487
8,51,487
8,52,487
8,53,487
8,54,487
8,55,487
8,36,488
8,37,488
8,38,488
8,39,488
8,40,488
8,41,488
8,42,488
8,43,488
8,44,488
8,45,488
8,46,488
8,47,488
8,48,488
8,49,488
8,50,488
8,51,488
8,52,488
8,53,488
8,54,488
8,37,489
8,38,489
8,39,489
8,40,489
8,41,489
8,42,489
8,43,489
8,44,489
8,45,489
8,46,489
8,47,489
8,48,489
8,49,489
8,50,489
8,51,489
8,52,489
8,53,489
8,38,490
8,39,490
8,40,490
8,41,490
8,42,490
8,43,490
8,44,490
8,45,490
8,46,490
8,47,490
8,48,490
8,49,490
8,50,490
8,51,490
8,52,490
8,39,491
8,40,491
8,41,491
8,42,491
8,43,491
8,44,491
8,45,491
8,46,491
8,47,491
8,48,491
8,49,491
8,50,491
8,51,491
8,41,492
8,42,492
8,43,492
8,44,492
8,45,492
8,46,492
8,47,492
8,48,492
8,49,492
8,45,493
